[
  {
    "inputs": [
      { "internalType": "contract IGovernanceParamsProvider", "name": "_govParamsProvider", "type": "address" }
    ],
    "payable": false,
    "stateMutability": "nonpayable",
    "type": "constructor"
  },
  {
    "anonymous": false,
    "inputs": [
      { "indexed": true, "internalType": "uint256", "name": "proposalId", "type": "uint256" },
      { "indexed": false, "internalType": "uint256", "name": "abstainVotingPower", "type": "uint256" },
      { "indexed": false, "internalType": "uint256", "name": "yesVotingPower", "type": "uint256" },
      { "indexed": false, "internalType": "uint256", "name": "noVotingPower", "type": "uint256" }
    ],
    "name": "AbstainWins",
    "type": "event"
  },
  {
    "anonymous": false,
    "inputs": [
      { "indexed": true, "internalType": "uint256", "name": "proposalId", "type": "uint256" },
      { "indexed": false, "internalType": "uint256", "name": "abstainVotingPower", "type": "uint256" },
      { "indexed": false, "internalType": "uint256", "name": "yesVotingPower", "type": "uint256" },
      { "indexed": false, "internalType": "uint256", "name": "noVotingPower", "type": "uint256" }
    ],
    "name": "NoWins",
    "type": "event"
  },
  {
    "anonymous": false,
    "inputs": [
      { "indexed": true, "internalType": "uint256", "name": "proposalId", "type": "uint256" },
      { "indexed": true, "internalType": "bytes32", "name": "ipfsHash", "type": "bytes32" },
      { "indexed": true, "internalType": "bytes32", "name": "proposalType", "type": "bytes32" },
      { "indexed": false, "internalType": "uint256", "name": "propositionPowerOfCreator", "type": "uint256" },
      { "indexed": false, "internalType": "uint256", "name": "threshold", "type": "uint256" },
      { "indexed": false, "internalType": "uint256", "name": "maxMovesToVotingAllowed", "type": "uint256" },
      { "indexed": false, "internalType": "uint256", "name": "votingBlocksDuration", "type": "uint256" },
      { "indexed": false, "internalType": "uint256", "name": "validatingBlocksDuration", "type": "uint256" },
      { "indexed": false, "internalType": "address", "name": "proposalExecutor", "type": "address" }
    ],
    "name": "ProposalCreated",
    "type": "event"
  },
  {
    "anonymous": false,
    "inputs": [{ "indexed": true, "internalType": "uint256", "name": "proposalId", "type": "uint256" }],
    "name": "StatusChangeToExecuted",
    "type": "event"
  },
  {
    "anonymous": false,
    "inputs": [{ "indexed": true, "internalType": "uint256", "name": "proposalId", "type": "uint256" }],
    "name": "StatusChangeToValidating",
    "type": "event"
  },
  {
    "anonymous": false,
    "inputs": [
      { "indexed": true, "internalType": "uint256", "name": "proposalId", "type": "uint256" },
      { "indexed": false, "internalType": "uint256", "name": "movesToVoting", "type": "uint256" }
    ],
    "name": "StatusChangeToVoting",
    "type": "event"
  },
  {
    "anonymous": false,
    "inputs": [
      { "indexed": true, "internalType": "uint256", "name": "proposalId", "type": "uint256" },
      { "indexed": true, "internalType": "address", "name": "voter", "type": "address" },
      { "indexed": true, "internalType": "uint256", "name": "vote", "type": "uint256" },
      { "indexed": false, "internalType": "contract IERC20", "name": "asset", "type": "address" },
      { "indexed": false, "internalType": "uint256", "name": "weight", "type": "uint256" },
      { "indexed": false, "internalType": "uint256", "name": "balance", "type": "uint256" },
      { "indexed": false, "internalType": "uint256", "name": "proposalStatusBefore", "type": "uint256" }
    ],
    "name": "VoteCancelled",
    "type": "event"
  },
  {
    "anonymous": false,
    "inputs": [
      { "indexed": true, "internalType": "uint256", "name": "proposalId", "type": "uint256" },
      { "indexed": true, "internalType": "address", "name": "voter", "type": "address" },
      { "indexed": true, "internalType": "uint256", "name": "vote", "type": "uint256" },
      { "indexed": false, "internalType": "contract IERC20", "name": "asset", "type": "address" },
      { "indexed": false, "internalType": "uint256", "name": "weight", "type": "uint256" },
      { "indexed": false, "internalType": "uint256", "name": "balance", "type": "uint256" }
    ],
    "name": "VoteEmitted",
    "type": "event"
  },
  {
    "anonymous": false,
    "inputs": [
      { "indexed": true, "internalType": "uint256", "name": "proposalId", "type": "uint256" },
      { "indexed": false, "internalType": "uint256", "name": "abstainVotingPower", "type": "uint256" },
      { "indexed": false, "internalType": "uint256", "name": "yesVotingPower", "type": "uint256" },
      { "indexed": false, "internalType": "uint256", "name": "noVotingPower", "type": "uint256" }
    ],
    "name": "YesWins",
    "type": "event"
  },
  { "payable": true, "stateMutability": "payable", "type": "fallback" },
  {
    "constant": true,
    "inputs": [],
    "name": "COUNT_CHOICES",
    "outputs": [{ "internalType": "uint256", "name": "", "type": "uint256" }],
    "payable": false,
    "stateMutability": "view",
    "type": "function"
  },
  {
    "constant": true,
    "inputs": [],
    "name": "MAX_MAXMOVESTOVOTINGALLOWED",
    "outputs": [{ "internalType": "uint256", "name": "", "type": "uint256" }],
    "payable": false,
    "stateMutability": "view",
    "type": "function"
  },
  {
    "constant": true,
    "inputs": [],
    "name": "MIN_MAXMOVESTOVOTINGALLOWED",
    "outputs": [{ "internalType": "uint256", "name": "", "type": "uint256" }],
    "payable": false,
    "stateMutability": "view",
    "type": "function"
  },
  {
    "constant": true,
    "inputs": [],
    "name": "MIN_STATUS_DURATION",
    "outputs": [{ "internalType": "uint256", "name": "", "type": "uint256" }],
    "payable": false,
    "stateMutability": "view",
    "type": "function"
  },
  {
    "constant": true,
    "inputs": [],
    "name": "MIN_THRESHOLD",
    "outputs": [{ "internalType": "uint256", "name": "", "type": "uint256" }],
    "payable": false,
    "stateMutability": "view",
    "type": "function"
  },
  {
    "constant": false,
    "inputs": [
      { "internalType": "uint256", "name": "_proposalId", "type": "uint256" },
      { "internalType": "address", "name": "_voter", "type": "address" },
      { "internalType": "uint256", "name": "_nonce", "type": "uint256" },
      { "internalType": "bytes", "name": "_signature", "type": "bytes" },
      { "internalType": "bytes32", "name": "_paramsHashByVoter", "type": "bytes32" }
    ],
    "name": "cancelVoteByRelayer",
    "outputs": [],
    "payable": false,
    "stateMutability": "nonpayable",
    "type": "function"
  },
  {
    "constant": false,
    "inputs": [{ "internalType": "uint256", "name": "_proposalId", "type": "uint256" }],
    "name": "cancelVoteByVoter",
    "outputs": [],
    "payable": false,
    "stateMutability": "nonpayable",
    "type": "function"
  },
  {
    "constant": false,
    "inputs": [
      { "internalType": "uint256", "name": "_proposalId", "type": "uint256" },
      { "internalType": "address[]", "name": "_voters", "type": "address[]" }
    ],
    "name": "challengeVoters",
    "outputs": [],
    "payable": false,
    "stateMutability": "nonpayable",
    "type": "function"
  },
  {
    "constant": true,
    "inputs": [],
    "name": "getGovParamsProvider",
    "outputs": [{ "internalType": "address", "name": "_govParamsProvider", "type": "address" }],
    "payable": false,
    "stateMutability": "view",
    "type": "function"
  },
  {
    "constant": true,
    "inputs": [{ "internalType": "uint256", "name": "_proposalId", "type": "uint256" }],
    "name": "getLeadingChoice",
    "outputs": [{ "internalType": "uint256", "name": "", "type": "uint256" }],
    "payable": false,
    "stateMutability": "view",
    "type": "function"
  },
  {
    "constant": true,
    "inputs": [{ "internalType": "uint256", "name": "_proposalId", "type": "uint256" }],
    "name": "getLimitBlockOfProposal",
    "outputs": [{ "internalType": "uint256", "name": "_limitBlockProposal", "type": "uint256" }],
    "payable": false,
    "stateMutability": "view",
    "type": "function"
  },
  {
    "constant": true,
    "inputs": [{ "internalType": "uint256", "name": "_proposalId", "type": "uint256" }],
    "name": "getProposalBasicData",
    "outputs": [
      { "internalType": "uint256", "name": "_totalVotes", "type": "uint256" },
      { "internalType": "uint256", "name": "_threshold", "type": "uint256" },
      { "internalType": "uint256", "name": "_maxMovesToVotingAllowed", "type": "uint256" },
      { "internalType": "uint256", "name": "_movesToVoting", "type": "uint256" },
      { "internalType": "uint256", "name": "_votingBlocksDuration", "type": "uint256" },
      { "internalType": "uint256", "name": "_validatingBlocksDuration", "type": "uint256" },
      { "internalType": "uint256", "name": "_currentStatusInitBlock", "type": "uint256" },
      { "internalType": "uint256", "name": "_initProposalBlock", "type": "uint256" },
      { "internalType": "uint256", "name": "_proposalStatus", "type": "uint256" },
      { "internalType": "address", "name": "_proposalExecutor", "type": "address" },
      { "internalType": "bytes32", "name": "_proposalType", "type": "bytes32" }
    ],
    "payable": false,
    "stateMutability": "view",
    "type": "function"
  },
  {
    "constant": true,
    "inputs": [
      { "internalType": "uint256", "name": "_proposalId", "type": "uint256" },
      { "internalType": "address", "name": "_voterAddress", "type": "address" }
    ],
    "name": "getVoterData",
    "outputs": [
      { "internalType": "uint256", "name": "_vote", "type": "uint256" },
      { "internalType": "uint256", "name": "_weight", "type": "uint256" },
      { "internalType": "uint256", "name": "_balance", "type": "uint256" },
      { "internalType": "uint256", "name": "_nonce", "type": "uint256" },
      { "internalType": "contract IERC20", "name": "_asset", "type": "address" }
    ],
    "payable": false,
    "stateMutability": "view",
    "type": "function"
  },
  {
    "constant": true,
    "inputs": [{ "internalType": "uint256", "name": "_proposalId", "type": "uint256" }],
    "name": "getVotesData",
    "outputs": [{ "internalType": "uint256[3]", "name": "", "type": "uint256[3]" }],
    "payable": false,
    "stateMutability": "view",
    "type": "function"
  },
  {
    "constant": false,
    "inputs": [
      { "internalType": "bytes32", "name": "_proposalType", "type": "bytes32" },
      { "internalType": "bytes32", "name": "_ipfsHash", "type": "bytes32" },
      { "internalType": "uint256", "name": "_threshold", "type": "uint256" },
      { "internalType": "address", "name": "_proposalExecutor", "type": "address" },
      { "internalType": "uint256", "name": "_votingBlocksDuration", "type": "uint256" },
      { "internalType": "uint256", "name": "_validatingBlocksDuration", "type": "uint256" },
      { "internalType": "uint256", "name": "_maxMovesToVotingAllowed", "type": "uint256" }
    ],
    "name": "newProposal",
    "outputs": [],
    "payable": false,
    "stateMutability": "nonpayable",
    "type": "function"
  },
  {
    "constant": false,
    "inputs": [{ "internalType": "uint256", "name": "_proposalId", "type": "uint256" }],
    "name": "resolveProposal",
    "outputs": [],
    "payable": false,
    "stateMutability": "nonpayable",
    "type": "function"
  },
  {
    "constant": false,
    "inputs": [
      { "internalType": "uint256", "name": "_proposalId", "type": "uint256" },
      { "internalType": "uint256", "name": "_vote", "type": "uint256" },
      { "internalType": "address", "name": "_voter", "type": "address" },
      { "internalType": "contract IERC20", "name": "_asset", "type": "address" },
      { "internalType": "uint256", "name": "_nonce", "type": "uint256" },
      { "internalType": "bytes", "name": "_signature", "type": "bytes" },
      { "internalType": "bytes32", "name": "_paramsHashByVoter", "type": "bytes32" }
    ],
    "name": "submitVoteByRelayer",
    "outputs": [],
    "payable": false,
    "stateMutability": "nonpayable",
    "type": "function"
  },
  {
    "constant": false,
    "inputs": [
      { "internalType": "uint256", "name": "_proposalId", "type": "uint256" },
      { "internalType": "uint256", "name": "_vote", "type": "uint256" },
      { "internalType": "contract IERC20", "name": "_asset", "type": "address" }
    ],
    "name": "submitVoteByVoter",
    "outputs": [],
    "payable": false,
    "stateMutability": "nonpayable",
    "type": "function"
  },
  {
    "constant": false,
    "inputs": [{ "internalType": "uint256", "name": "_proposalId", "type": "uint256" }],
    "name": "tryToMoveToValidating",
    "outputs": [],
    "payable": false,
    "stateMutability": "nonpayable",
    "type": "function"
  },
  {
    "constant": true,
    "inputs": [
      { "internalType": "bytes32", "name": "_paramsHashByRelayer", "type": "bytes32" },
      { "internalType": "bytes32", "name": "_paramsHashBySigner", "type": "bytes32" },
      { "internalType": "bytes", "name": "_signature", "type": "bytes" },
      { "internalType": "address", "name": "_signer", "type": "address" },
      { "internalType": "uint256", "name": "_proposalId", "type": "uint256" },
      { "internalType": "uint256", "name": "_relayerNonce", "type": "uint256" }
    ],
    "name": "validateRelayAction",
    "outputs": [],
    "payable": false,
    "stateMutability": "view",
    "type": "function"
  },
  {
    "constant": true,
    "inputs": [
      { "internalType": "uint256", "name": "_proposalId", "type": "uint256" },
      { "internalType": "address", "name": "_voter", "type": "address" },
      { "internalType": "uint256", "name": "_relayerNonce", "type": "uint256" }
    ],
    "name": "verifyNonce",
    "outputs": [],
    "payable": false,
    "stateMutability": "view",
    "type": "function"
  },
  {
    "constant": true,
    "inputs": [
      { "internalType": "bytes32", "name": "_paramsHashByRelayer", "type": "bytes32" },
      { "internalType": "bytes32", "name": "_paramsHashBySigner", "type": "bytes32" },
      { "internalType": "bytes", "name": "_signature", "type": "bytes" },
      { "internalType": "address", "name": "_signer", "type": "address" }
    ],
    "name": "verifyParamsConsistencyAndSignature",
    "outputs": [],
    "payable": false,
    "stateMutability": "pure",
    "type": "function"
  }
]
