[
  {
    "inputs": [
      { "internalType": "contract LendingPoolAddressesProvider", "name": "_addressesProvider", "type": "address" },
      { "internalType": "address", "name": "_underlyingAsset", "type": "address" },
      { "internalType": "uint8", "name": "_underlyingAssetDecimals", "type": "uint8" },
      { "internalType": "string", "name": "_name", "type": "string" },
      { "internalType": "string", "name": "_symbol", "type": "string" }
    ],
    "payable": false,
    "stateMutability": "nonpayable",
    "type": "constructor"
  },
  {
    "anonymous": false,
    "inputs": [
      { "indexed": true, "internalType": "address", "name": "owner", "type": "address" },
      { "indexed": true, "internalType": "address", "name": "spender", "type": "address" },
      { "indexed": false, "internalType": "uint256", "name": "value", "type": "uint256" }
    ],
    "name": "Approval",
    "type": "event"
  },
  {
    "anonymous": false,
    "inputs": [
      { "indexed": true, "internalType": "address", "name": "_from", "type": "address" },
      { "indexed": true, "internalType": "address", "name": "_to", "type": "address" },
      { "indexed": false, "internalType": "uint256", "name": "_value", "type": "uint256" },
      { "indexed": false, "internalType": "uint256", "name": "_fromBalanceIncrease", "type": "uint256" },
      { "indexed": false, "internalType": "uint256", "name": "_toBalanceIncrease", "type": "uint256" },
      { "indexed": false, "internalType": "uint256", "name": "_fromIndex", "type": "uint256" },
      { "indexed": false, "internalType": "uint256", "name": "_toIndex", "type": "uint256" }
    ],
    "name": "BalanceTransfer",
    "type": "event"
  },
  {
    "anonymous": false,
    "inputs": [
      { "indexed": true, "internalType": "address", "name": "_from", "type": "address" },
      { "indexed": false, "internalType": "uint256", "name": "_value", "type": "uint256" },
      { "indexed": false, "internalType": "uint256", "name": "_fromBalanceIncrease", "type": "uint256" },
      { "indexed": false, "internalType": "uint256", "name": "_fromIndex", "type": "uint256" }
    ],
    "name": "BurnOnLiquidation",
    "type": "event"
  },
  {
    "anonymous": false,
    "inputs": [
      { "indexed": true, "internalType": "address", "name": "_from", "type": "address" },
      { "indexed": true, "internalType": "address", "name": "_to", "type": "address" }
    ],
    "name": "InterestRedirectionAllowanceChanged",
    "type": "event"
  },
  {
    "anonymous": false,
    "inputs": [
      { "indexed": true, "internalType": "address", "name": "_from", "type": "address" },
      { "indexed": true, "internalType": "address", "name": "_to", "type": "address" },
      { "indexed": false, "internalType": "uint256", "name": "_redirectedBalance", "type": "uint256" },
      { "indexed": false, "internalType": "uint256", "name": "_fromBalanceIncrease", "type": "uint256" },
      { "indexed": false, "internalType": "uint256", "name": "_fromIndex", "type": "uint256" }
    ],
    "name": "InterestStreamRedirected",
    "type": "event"
  },
  {
    "anonymous": false,
    "inputs": [
      { "indexed": true, "internalType": "address", "name": "_from", "type": "address" },
      { "indexed": false, "internalType": "uint256", "name": "_value", "type": "uint256" },
      { "indexed": false, "internalType": "uint256", "name": "_fromBalanceIncrease", "type": "uint256" },
      { "indexed": false, "internalType": "uint256", "name": "_fromIndex", "type": "uint256" }
    ],
    "name": "MintOnDeposit",
    "type": "event"
  },
  {
    "anonymous": false,
    "inputs": [
      { "indexed": true, "internalType": "address", "name": "_from", "type": "address" },
      { "indexed": false, "internalType": "uint256", "name": "_value", "type": "uint256" },
      { "indexed": false, "internalType": "uint256", "name": "_fromBalanceIncrease", "type": "uint256" },
      { "indexed": false, "internalType": "uint256", "name": "_fromIndex", "type": "uint256" }
    ],
    "name": "Redeem",
    "type": "event"
  },
  {
    "anonymous": false,
    "inputs": [
      { "indexed": true, "internalType": "address", "name": "_targetAddress", "type": "address" },
      { "indexed": false, "internalType": "uint256", "name": "_targetBalanceIncrease", "type": "uint256" },
      { "indexed": false, "internalType": "uint256", "name": "_targetIndex", "type": "uint256" },
      { "indexed": false, "internalType": "uint256", "name": "_redirectedBalanceAdded", "type": "uint256" },
      { "indexed": false, "internalType": "uint256", "name": "_redirectedBalanceRemoved", "type": "uint256" }
    ],
    "name": "RedirectedBalanceUpdated",
    "type": "event"
  },
  {
    "anonymous": false,
    "inputs": [
      { "indexed": true, "internalType": "address", "name": "from", "type": "address" },
      { "indexed": true, "internalType": "address", "name": "to", "type": "address" },
      { "indexed": false, "internalType": "uint256", "name": "value", "type": "uint256" }
    ],
    "name": "Transfer",
    "type": "event"
  },
  {
    "constant": true,
    "inputs": [],
    "name": "UINT_MAX_VALUE",
    "outputs": [{ "internalType": "uint256", "name": "", "type": "uint256" }],
    "payable": false,
    "stateMutability": "view",
    "type": "function"
  },
  {
    "constant": false,
    "inputs": [{ "internalType": "address", "name": "_to", "type": "address" }],
    "name": "allowInterestRedirectionTo",
    "outputs": [],
    "payable": false,
    "stateMutability": "nonpayable",
    "type": "function"
  },
  {
    "constant": true,
    "inputs": [
      { "internalType": "address", "name": "owner", "type": "address" },
      { "internalType": "address", "name": "spender", "type": "address" }
    ],
    "name": "allowance",
    "outputs": [{ "internalType": "uint256", "name": "", "type": "uint256" }],
    "payable": false,
    "stateMutability": "view",
    "type": "function"
  },
  {
    "constant": false,
    "inputs": [
      { "internalType": "address", "name": "spender", "type": "address" },
      { "internalType": "uint256", "name": "value", "type": "uint256" }
    ],
    "name": "approve",
    "outputs": [{ "internalType": "bool", "name": "", "type": "bool" }],
    "payable": false,
    "stateMutability": "nonpayable",
    "type": "function"
  },
  {
    "constant": true,
    "inputs": [{ "internalType": "address", "name": "_user", "type": "address" }],
    "name": "balanceOf",
    "outputs": [{ "internalType": "uint256", "name": "", "type": "uint256" }],
    "payable": false,
    "stateMutability": "view",
    "type": "function"
  },
  {
    "constant": false,
    "inputs": [
      { "internalType": "address", "name": "_account", "type": "address" },
      { "internalType": "uint256", "name": "_value", "type": "uint256" }
    ],
    "name": "burnOnLiquidation",
    "outputs": [],
    "payable": false,
    "stateMutability": "nonpayable",
    "type": "function"
  },
  {
    "constant": true,
    "inputs": [],
    "name": "decimals",
    "outputs": [{ "internalType": "uint8", "name": "", "type": "uint8" }],
    "payable": false,
    "stateMutability": "view",
    "type": "function"
  },
  {
    "constant": false,
    "inputs": [
      { "internalType": "address", "name": "spender", "type": "address" },
      { "internalType": "uint256", "name": "subtractedValue", "type": "uint256" }
    ],
    "name": "decreaseAllowance",
    "outputs": [{ "internalType": "bool", "name": "", "type": "bool" }],
    "payable": false,
    "stateMutability": "nonpayable",
    "type": "function"
  },
  {
    "constant": true,
    "inputs": [{ "internalType": "address", "name": "_user", "type": "address" }],
    "name": "getInterestRedirectionAddress",
    "outputs": [{ "internalType": "address", "name": "", "type": "address" }],
    "payable": false,
    "stateMutability": "view",
    "type": "function"
  },
  {
    "constant": true,
    "inputs": [{ "internalType": "address", "name": "_user", "type": "address" }],
    "name": "getRedirectedBalance",
    "outputs": [{ "internalType": "uint256", "name": "", "type": "uint256" }],
    "payable": false,
    "stateMutability": "view",
    "type": "function"
  },
  {
    "constant": true,
    "inputs": [{ "internalType": "address", "name": "_user", "type": "address" }],
    "name": "getUserIndex",
    "outputs": [{ "internalType": "uint256", "name": "", "type": "uint256" }],
    "payable": false,
    "stateMutability": "view",
    "type": "function"
  },
  {
    "constant": false,
    "inputs": [
      { "internalType": "address", "name": "spender", "type": "address" },
      { "internalType": "uint256", "name": "addedValue", "type": "uint256" }
    ],
    "name": "increaseAllowance",
    "outputs": [{ "internalType": "bool", "name": "", "type": "bool" }],
    "payable": false,
    "stateMutability": "nonpayable",
    "type": "function"
  },
  {
    "constant": true,
    "inputs": [
      { "internalType": "address", "name": "_user", "type": "address" },
      { "internalType": "uint256", "name": "_amount", "type": "uint256" }
    ],
    "name": "isTransferAllowed",
    "outputs": [{ "internalType": "bool", "name": "", "type": "bool" }],
    "payable": false,
    "stateMutability": "view",
    "type": "function"
  },
  {
    "constant": false,
    "inputs": [
      { "internalType": "address", "name": "_account", "type": "address" },
      { "internalType": "uint256", "name": "_amount", "type": "uint256" }
    ],
    "name": "mintOnDeposit",
    "outputs": [],
    "payable": false,
    "stateMutability": "nonpayable",
    "type": "function"
  },
  {
    "constant": true,
    "inputs": [],
    "name": "name",
    "outputs": [{ "internalType": "string", "name": "", "type": "string" }],
    "payable": false,
    "stateMutability": "view",
    "type": "function"
  },
  {
    "constant": true,
    "inputs": [{ "internalType": "address", "name": "_user", "type": "address" }],
    "name": "principalBalanceOf",
    "outputs": [{ "internalType": "uint256", "name": "", "type": "uint256" }],
    "payable": false,
    "stateMutability": "view",
    "type": "function"
  },
  {
    "constant": false,
    "inputs": [{ "internalType": "uint256", "name": "_amount", "type": "uint256" }],
    "name": "redeem",
    "outputs": [],
    "payable": false,
    "stateMutability": "nonpayable",
    "type": "function"
  },
  {
    "constant": false,
    "inputs": [{ "internalType": "address", "name": "_to", "type": "address" }],
    "name": "redirectInterestStream",
    "outputs": [],
    "payable": false,
    "stateMutability": "nonpayable",
    "type": "function"
  },
  {
    "constant": false,
    "inputs": [
      { "internalType": "address", "name": "_from", "type": "address" },
      { "internalType": "address", "name": "_to", "type": "address" }
    ],
    "name": "redirectInterestStreamOf",
    "outputs": [],
    "payable": false,
    "stateMutability": "nonpayable",
    "type": "function"
  },
  {
    "constant": true,
    "inputs": [],
    "name": "symbol",
    "outputs": [{ "internalType": "string", "name": "", "type": "string" }],
    "payable": false,
    "stateMutability": "view",
    "type": "function"
  },
  {
    "constant": true,
    "inputs": [],
    "name": "totalSupply",
    "outputs": [{ "internalType": "uint256", "name": "", "type": "uint256" }],
    "payable": false,
    "stateMutability": "view",
    "type": "function"
  },
  {
    "constant": false,
    "inputs": [
      { "internalType": "address", "name": "recipient", "type": "address" },
      { "internalType": "uint256", "name": "amount", "type": "uint256" }
    ],
    "name": "transfer",
    "outputs": [{ "internalType": "bool", "name": "", "type": "bool" }],
    "payable": false,
    "stateMutability": "nonpayable",
    "type": "function"
  },
  {
    "constant": false,
    "inputs": [
      { "internalType": "address", "name": "sender", "type": "address" },
      { "internalType": "address", "name": "recipient", "type": "address" },
      { "internalType": "uint256", "name": "amount", "type": "uint256" }
    ],
    "name": "transferFrom",
    "outputs": [{ "internalType": "bool", "name": "", "type": "bool" }],
    "payable": false,
    "stateMutability": "nonpayable",
    "type": "function"
  },
  {
    "constant": false,
    "inputs": [
      { "internalType": "address", "name": "_from", "type": "address" },
      { "internalType": "address", "name": "_to", "type": "address" },
      { "internalType": "uint256", "name": "_value", "type": "uint256" }
    ],
    "name": "transferOnLiquidation",
    "outputs": [],
    "payable": false,
    "stateMutability": "nonpayable",
    "type": "function"
  },
  {
    "constant": true,
    "inputs": [],
    "name": "underlyingAssetAddress",
    "outputs": [{ "internalType": "address", "name": "", "type": "address" }],
    "payable": false,
    "stateMutability": "view",
    "type": "function"
  }
]
