[
  {
    "inputs": [
      { "internalType": "address", "name": "pool", "type": "address" },
      { "internalType": "address", "name": "underlyingAsset", "type": "address" },
      { "internalType": "string", "name": "name", "type": "string" },
      { "internalType": "string", "name": "symbol", "type": "string" },
      { "internalType": "address", "name": "incentivesController", "type": "address" }
    ],
    "stateMutability": "nonpayable",
    "type": "constructor"
  },
  {
    "anonymous": false,
    "inputs": [
      { "indexed": true, "internalType": "address", "name": "owner", "type": "address" },
      { "indexed": true, "internalType": "address", "name": "spender", "type": "address" },
      { "indexed": false, "internalType": "uint256", "name": "value", "type": "uint256" }
    ],
    "name": "Approval",
    "type": "event"
  },
  {
    "anonymous": false,
    "inputs": [
      { "indexed": true, "internalType": "address", "name": "fromUser", "type": "address" },
      { "indexed": true, "internalType": "address", "name": "toUser", "type": "address" },
      { "indexed": false, "internalType": "address", "name": "asset", "type": "address" },
      { "indexed": false, "internalType": "uint256", "name": "amount", "type": "uint256" }
    ],
    "name": "BorrowAllowanceDelegated",
    "type": "event"
  },
  {
    "anonymous": false,
    "inputs": [
      { "indexed": true, "internalType": "address", "name": "user", "type": "address" },
      { "indexed": false, "internalType": "uint256", "name": "amount", "type": "uint256" },
      { "indexed": false, "internalType": "uint256", "name": "index", "type": "uint256" }
    ],
    "name": "Burn",
    "type": "event"
  },
  {
    "anonymous": false,
    "inputs": [
      { "indexed": true, "internalType": "address", "name": "from", "type": "address" },
      { "indexed": true, "internalType": "address", "name": "onBehalfOf", "type": "address" },
      { "indexed": false, "internalType": "uint256", "name": "value", "type": "uint256" },
      { "indexed": false, "internalType": "uint256", "name": "index", "type": "uint256" }
    ],
    "name": "Mint",
    "type": "event"
  },
  {
    "anonymous": false,
    "inputs": [
      { "indexed": true, "internalType": "address", "name": "from", "type": "address" },
      { "indexed": true, "internalType": "address", "name": "to", "type": "address" },
      { "indexed": false, "internalType": "uint256", "name": "value", "type": "uint256" }
    ],
    "name": "Transfer",
    "type": "event"
  },
  {
    "inputs": [],
    "name": "DEBT_TOKEN_REVISION",
    "outputs": [{ "internalType": "uint256", "name": "", "type": "uint256" }],
    "stateMutability": "view",
    "type": "function"
  },
  {
    "inputs": [],
    "name": "POOL",
    "outputs": [{ "internalType": "contract ILendingPool", "name": "", "type": "address" }],
    "stateMutability": "view",
    "type": "function"
  },
  {
    "inputs": [],
    "name": "UNDERLYING_ASSET_ADDRESS",
    "outputs": [{ "internalType": "address", "name": "", "type": "address" }],
    "stateMutability": "view",
    "type": "function"
  },
  {
    "inputs": [
      { "internalType": "address", "name": "owner", "type": "address" },
      { "internalType": "address", "name": "spender", "type": "address" }
    ],
    "name": "allowance",
    "outputs": [{ "internalType": "uint256", "name": "", "type": "uint256" }],
    "stateMutability": "view",
    "type": "function"
  },
  {
    "inputs": [
      { "internalType": "address", "name": "spender", "type": "address" },
      { "internalType": "uint256", "name": "amount", "type": "uint256" }
    ],
    "name": "approve",
    "outputs": [{ "internalType": "bool", "name": "", "type": "bool" }],
    "stateMutability": "nonpayable",
    "type": "function"
  },
  {
    "inputs": [
      { "internalType": "address", "name": "delegatee", "type": "address" },
      { "internalType": "uint256", "name": "amount", "type": "uint256" }
    ],
    "name": "approveDelegation",
    "outputs": [],
    "stateMutability": "nonpayable",
    "type": "function"
  },
  {
    "inputs": [{ "internalType": "address", "name": "user", "type": "address" }],
    "name": "balanceOf",
    "outputs": [{ "internalType": "uint256", "name": "", "type": "uint256" }],
    "stateMutability": "view",
    "type": "function"
  },
  {
    "inputs": [
      { "internalType": "address", "name": "fromUser", "type": "address" },
      { "internalType": "address", "name": "toUser", "type": "address" }
    ],
    "name": "borrowAllowance",
    "outputs": [{ "internalType": "uint256", "name": "", "type": "uint256" }],
    "stateMutability": "view",
    "type": "function"
  },
  {
    "inputs": [
      { "internalType": "address", "name": "user", "type": "address" },
      { "internalType": "uint256", "name": "amount", "type": "uint256" },
      { "internalType": "uint256", "name": "index", "type": "uint256" }
    ],
    "name": "burn",
    "outputs": [],
    "stateMutability": "nonpayable",
    "type": "function"
  },
  {
    "inputs": [],
    "name": "decimals",
    "outputs": [{ "internalType": "uint8", "name": "", "type": "uint8" }],
    "stateMutability": "view",
    "type": "function"
  },
  {
    "inputs": [
      { "internalType": "address", "name": "spender", "type": "address" },
      { "internalType": "uint256", "name": "subtractedValue", "type": "uint256" }
    ],
    "name": "decreaseAllowance",
    "outputs": [{ "internalType": "bool", "name": "", "type": "bool" }],
    "stateMutability": "nonpayable",
    "type": "function"
  },
  {
    "inputs": [{ "internalType": "address", "name": "user", "type": "address" }],
    "name": "getScaledUserBalanceAndSupply",
    "outputs": [
      { "internalType": "uint256", "name": "", "type": "uint256" },
      { "internalType": "uint256", "name": "", "type": "uint256" }
    ],
    "stateMutability": "view",
    "type": "function"
  },
  {
    "inputs": [
      { "internalType": "address", "name": "spender", "type": "address" },
      { "internalType": "uint256", "name": "addedValue", "type": "uint256" }
    ],
    "name": "increaseAllowance",
    "outputs": [{ "internalType": "bool", "name": "", "type": "bool" }],
    "stateMutability": "nonpayable",
    "type": "function"
  },
  {
    "inputs": [
      { "internalType": "uint8", "name": "decimals", "type": "uint8" },
      { "internalType": "string", "name": "name", "type": "string" },
      { "internalType": "string", "name": "symbol", "type": "string" }
    ],
    "name": "initialize",
    "outputs": [],
    "stateMutability": "nonpayable",
    "type": "function"
  },
  {
    "inputs": [
      { "internalType": "address", "name": "user", "type": "address" },
      { "internalType": "address", "name": "onBehalfOf", "type": "address" },
      { "internalType": "uint256", "name": "amount", "type": "uint256" },
      { "internalType": "uint256", "name": "index", "type": "uint256" }
    ],
    "name": "mint",
    "outputs": [{ "internalType": "bool", "name": "", "type": "bool" }],
    "stateMutability": "nonpayable",
    "type": "function"
  },
  {
    "inputs": [],
    "name": "name",
    "outputs": [{ "internalType": "string", "name": "", "type": "string" }],
    "stateMutability": "view",
    "type": "function"
  },
  {
    "inputs": [{ "internalType": "address", "name": "user", "type": "address" }],
    "name": "scaledBalanceOf",
    "outputs": [{ "internalType": "uint256", "name": "", "type": "uint256" }],
    "stateMutability": "view",
    "type": "function"
  },
  {
    "inputs": [],
    "name": "scaledTotalSupply",
    "outputs": [{ "internalType": "uint256", "name": "", "type": "uint256" }],
    "stateMutability": "view",
    "type": "function"
  },
  {
    "inputs": [],
    "name": "symbol",
    "outputs": [{ "internalType": "string", "name": "", "type": "string" }],
    "stateMutability": "view",
    "type": "function"
  },
  {
    "inputs": [],
    "name": "totalSupply",
    "outputs": [{ "internalType": "uint256", "name": "", "type": "uint256" }],
    "stateMutability": "view",
    "type": "function"
  },
  {
    "inputs": [
      { "internalType": "address", "name": "recipient", "type": "address" },
      { "internalType": "uint256", "name": "amount", "type": "uint256" }
    ],
    "name": "transfer",
    "outputs": [{ "internalType": "bool", "name": "", "type": "bool" }],
    "stateMutability": "nonpayable",
    "type": "function"
  },
  {
    "inputs": [
      { "internalType": "address", "name": "sender", "type": "address" },
      { "internalType": "address", "name": "recipient", "type": "address" },
      { "internalType": "uint256", "name": "amount", "type": "uint256" }
    ],
    "name": "transferFrom",
    "outputs": [{ "internalType": "bool", "name": "", "type": "bool" }],
    "stateMutability": "nonpayable",
    "type": "function"
  }
]
