[{"inputs":[{"internalType":"address","name":"admin_","type":"address"},{"internalType":"address","name":"v1PriceOracle_","type":"address"},{"internalType":"address","name":"cEthAddress_","type":"address"},{"internalType":"address","name":"cUsdcAddress_","type":"address"},{"internalType":"address","name":"cUsdtAddress_","type":"address"},{"internalType":"address","name":"cYcrvAddress_","type":"address"},{"internalType":"address","name":"cYYcrvAddress_","type":"address"},{"internalType":"address","name":"cYethAddress_","type":"address"}],"payable":false,"stateMutability":"nonpayable","type":"constructor"},{"anonymous":false,"inputs":[{"indexed":false,"internalType":"address","name":"cTokenAddress","type":"address"},{"indexed":false,"internalType":"address","name":"source","type":"address"}],"name":"AggregatorUpdated","type":"event"},{"constant":false,"inputs":[{"internalType":"address[]","name":"cTokenAddresses","type":"address[]"},{"internalType":"address[]","name":"sources","type":"address[]"}],"name":"_setAggregators","outputs":[],"payable":false,"stateMutability":"nonpayable","type":"function"},{"constant":true,"inputs":[],"name":"admin","outputs":[{"internalType":"address","name":"","type":"address"}],"payable":false,"stateMutability":"view","type":"function"},{"constant":true,"inputs":[{"internalType":"address","name":"","type":"address"}],"name":"aggregators","outputs":[{"internalType":"contract AggregatorInterface","name":"","type":"address"}],"payable":false,"stateMutability":"view","type":"function"},{"constant":true,"inputs":[],"name":"cEthAddress","outputs":[{"internalType":"address","name":"","type":"address"}],"payable":false,"stateMutability":"view","type":"function"},{"constant":true,"inputs":[],"name":"cUsdcAddress","outputs":[{"internalType":"address","name":"","type":"address"}],"payable":false,"stateMutability":"view","type":"function"},{"constant":true,"inputs":[],"name":"cUsdtAddress","outputs":[{"internalType":"address","name":"","type":"address"}],"payable":false,"stateMutability":"view","type":"function"},{"constant":true,"inputs":[],"name":"cYYcrvAddress","outputs":[{"internalType":"address","name":"","type":"address"}],"payable":false,"stateMutability":"view","type":"function"},{"constant":true,"inputs":[],"name":"cYcrvAddress","outputs":[{"internalType":"address","name":"","type":"address"}],"payable":false,"stateMutability":"view","type":"function"},{"constant":true,"inputs":[],"name":"cYethAddress","outputs":[{"internalType":"address","name":"","type":"address"}],"payable":false,"stateMutability":"view","type":"function"},{"constant":true,"inputs":[{"internalType":"contract CToken","name":"cToken","type":"address"}],"name":"getUnderlyingPrice","outputs":[{"internalType":"uint256","name":"","type":"uint256"}],"payable":false,"stateMutability":"view","type":"function"},{"constant":true,"inputs":[],"name":"isPriceOracle","outputs":[{"internalType":"bool","name":"","type":"bool"}],"payable":false,"stateMutability":"view","type":"function"},{"constant":true,"inputs":[],"name":"v1PriceOracle","outputs":[{"internalType":"contract V1PriceOracleInterface","name":"","type":"address"}],"payable":false,"stateMutability":"view","type":"function"}]