[{"inputs":[{"internalType":"address","name":"_executor","type":"address"},{"internalType":"address","name":"_borrower","type":"address"},{"internalType":"address","name":"_governor","type":"address"},{"internalType":"address","name":"_comptroller","type":"address"},{"internalType":"address","name":"_collateral","type":"address"},{"internalType":"address","name":"_priceFeed","type":"address"},{"internalType":"uint256","name":"_collateralFactor","type":"uint256"},{"internalType":"uint256","name":"_liquidationFactor","type":"uint256"}],"stateMutability":"nonpayable","type":"constructor"},{"anonymous":false,"inputs":[{"indexed":false,"internalType":"address","name":"","type":"address"},{"indexed":false,"internalType":"bool","name":"","type":"bool"}],"name":"AllowedMarketsUpdated","type":"event"},{"inputs":[{"internalType":"address","name":"","type":"address"}],"name":"allowedMarkets","outputs":[{"internalType":"bool","name":"","type":"bool"}],"stateMutability":"view","type":"function"},{"inputs":[{"internalType":"contract ICToken","name":"cy","type":"address"},{"internalType":"uint256","name":"amount","type":"uint256"}],"name":"borrow","outputs":[],"stateMutability":"nonpayable","type":"function"},{"inputs":[{"internalType":"contract ICToken","name":"cy","type":"address"}],"name":"borrowMax","outputs":[],"stateMutability":"nonpayable","type":"function"},{"inputs":[],"name":"borrower","outputs":[{"internalType":"address","name":"","type":"address"}],"stateMutability":"view","type":"function"},{"inputs":[],"name":"collateral","outputs":[{"internalType":"contract IERC20","name":"","type":"address"}],"stateMutability":"view","type":"function"},{"inputs":[],"name":"collateralFactor","outputs":[{"internalType":"uint256","name":"","type":"uint256"}],"stateMutability":"view","type":"function"},{"inputs":[],"name":"collateralUSD","outputs":[{"internalType":"uint256","name":"","type":"uint256"}],"stateMutability":"view","type":"function"},{"inputs":[],"name":"comptroller","outputs":[{"internalType":"contract IComptroller","name":"","type":"address"}],"stateMutability":"view","type":"function"},{"inputs":[],"name":"debtUSD","outputs":[{"internalType":"uint256","name":"","type":"uint256"}],"stateMutability":"view","type":"function"},{"inputs":[],"name":"executor","outputs":[{"internalType":"address","name":"","type":"address"}],"stateMutability":"view","type":"function"},{"inputs":[],"name":"governor","outputs":[{"internalType":"address","name":"","type":"address"}],"stateMutability":"view","type":"function"},{"inputs":[{"internalType":"uint256","name":"withdrawAmount","type":"uint256"}],"name":"hypotheticalCollateralUSD","outputs":[{"internalType":"uint256","name":"","type":"uint256"}],"stateMutability":"view","type":"function"},{"inputs":[{"internalType":"contract ICToken","name":"cy","type":"address"},{"internalType":"uint256","name":"borrowAmount","type":"uint256"}],"name":"hypotheticalDebtUSD","outputs":[{"internalType":"uint256","name":"","type":"uint256"}],"stateMutability":"view","type":"function"},{"inputs":[],"name":"liquidationFactor","outputs":[{"internalType":"uint256","name":"","type":"uint256"}],"stateMutability":"view","type":"function"},{"inputs":[],"name":"liquidationThreshold","outputs":[{"internalType":"uint256","name":"","type":"uint256"}],"stateMutability":"view","type":"function"},{"inputs":[],"name":"priceFeed","outputs":[{"internalType":"contract IPriceFeed","name":"","type":"address"}],"stateMutability":"view","type":"function"},{"inputs":[{"internalType":"contract ICToken","name":"cy","type":"address"},{"internalType":"uint256","name":"amount","type":"uint256"}],"name":"repay","outputs":[],"stateMutability":"nonpayable","type":"function"},{"inputs":[{"internalType":"contract IERC20","name":"token","type":"address"},{"internalType":"uint256","name":"amount","type":"uint256"}],"name":"seize","outputs":[],"stateMutability":"nonpayable","type":"function"},{"inputs":[{"internalType":"address[]","name":"markets","type":"address[]"},{"internalType":"bool[]","name":"states","type":"bool[]"}],"name":"setAllowedMarkets","outputs":[],"stateMutability":"nonpayable","type":"function"},{"inputs":[{"internalType":"address","name":"_priceFeed","type":"address"}],"name":"setPriceFeed","outputs":[],"stateMutability":"nonpayable","type":"function"},{"inputs":[{"internalType":"uint256","name":"amount","type":"uint256"}],"name":"withdraw","outputs":[],"stateMutability":"nonpayable","type":"function"}]