[
  {
    "inputs": [
      { "internalType": "address", "name": "_template", "type": "address" }
    ],
    "stateMutability": "nonpayable",
    "type": "constructor"
  },
  {
    "anonymous": false,
    "inputs": [
      {
        "indexed": true,
        "internalType": "address",
        "name": "uberminion",
        "type": "address"
      },
      {
        "indexed": true,
        "internalType": "address",
        "name": "dao",
        "type": "address"
      },
      {
        "indexed": false,
        "internalType": "address",
        "name": "uberHaus",
        "type": "address"
      },
      {
        "indexed": false,
        "internalType": "address",
        "name": "controller",
        "type": "address"
      },
      {
        "indexed": false,
        "internalType": "address",
        "name": "initialDelegate",
        "type": "address"
      },
      {
        "indexed": false,
        "internalType": "uint256",
        "name": "delegateRewardFactor",
        "type": "uint256"
      },
      {
        "indexed": false,
        "internalType": "uint256",
        "name": "minionId",
        "type": "uint256"
      },
      {
        "indexed": false,
        "internalType": "string",
        "name": "desc",
        "type": "string"
      },
      {
        "indexed": false,
        "internalType": "string",
        "name": "name",
        "type": "string"
      }
    ],
    "name": "SummonUberMinion",
    "type": "event"
  },
  {
    "inputs": [],
    "name": "counter",
    "outputs": [{ "internalType": "uint256", "name": "", "type": "uint256" }],
    "stateMutability": "view",
    "type": "function"
  },
  {
    "inputs": [
      { "internalType": "address", "name": "", "type": "address" },
      { "internalType": "uint256", "name": "", "type": "uint256" }
    ],
    "name": "ourMinions",
    "outputs": [{ "internalType": "address", "name": "", "type": "address" }],
    "stateMutability": "view",
    "type": "function"
  },
  {
    "inputs": [],
    "name": "owner",
    "outputs": [{ "internalType": "address", "name": "", "type": "address" }],
    "stateMutability": "view",
    "type": "function"
  },
  {
    "inputs": [
      { "internalType": "address", "name": "_dao", "type": "address" },
      { "internalType": "address", "name": "_uberHaus", "type": "address" },
      { "internalType": "address", "name": "_controller", "type": "address" },
      {
        "internalType": "address",
        "name": "_initialDelegate",
        "type": "address"
      },
      {
        "internalType": "uint256",
        "name": "_delegateRewardFactor",
        "type": "uint256"
      },
      { "internalType": "string", "name": "_desc", "type": "string" }
    ],
    "name": "summonUberHausMinion",
    "outputs": [{ "internalType": "address", "name": "", "type": "address" }],
    "stateMutability": "nonpayable",
    "type": "function"
  },
  {
    "inputs": [],
    "name": "template",
    "outputs": [{ "internalType": "address", "name": "", "type": "address" }],
    "stateMutability": "view",
    "type": "function"
  },
  {
    "inputs": [{ "internalType": "uint256", "name": "", "type": "uint256" }],
    "name": "uberMinions",
    "outputs": [{ "internalType": "address", "name": "", "type": "address" }],
    "stateMutability": "view",
    "type": "function"
  },
  {
    "inputs": [
      { "internalType": "address", "name": "_newOwner", "type": "address" }
    ],
    "name": "updateOwner",
    "outputs": [{ "internalType": "address", "name": "", "type": "address" }],
    "stateMutability": "nonpayable",
    "type": "function"
  }
]
