[
  {
    "inputs": [
      {
        "internalType": "address",
        "name": "_finderAddress",
        "type": "address"
      },
      {
        "internalType": "uint256",
        "name": "_startingId",
        "type": "uint256"
      },
      {
        "internalType": "address",
        "name": "_timerAddress",
        "type": "address"
      }
    ],
    "stateMutability": "nonpayable",
    "type": "constructor"
  },
  {
    "anonymous": false,
    "inputs": [
      {
        "indexed": true,
        "internalType": "uint256",
        "name": "roleId",
        "type": "uint256"
      },
      {
        "indexed": true,
        "internalType": "address",
        "name": "newMember",
        "type": "address"
      },
      {
        "indexed": true,
        "internalType": "address",
        "name": "manager",
        "type": "address"
      }
    ],
    "name": "AddedSharedMember",
    "type": "event"
  },
  {
    "anonymous": false,
    "inputs": [
      {
        "indexed": true,
        "internalType": "uint256",
        "name": "id",
        "type": "uint256"
      },
      {
        "components": [
          {
            "internalType": "address",
            "name": "to",
            "type": "address"
          },
          {
            "internalType": "uint256",
            "name": "value",
            "type": "uint256"
          },
          {
            "internalType": "bytes",
            "name": "data",
            "type": "bytes"
          }
        ],
        "indexed": false,
        "internalType": "struct Governor.Transaction[]",
        "name": "transactions",
        "type": "tuple[]"
      }
    ],
    "name": "NewProposal",
    "type": "event"
  },
  {
    "anonymous": false,
    "inputs": [
      {
        "indexed": true,
        "internalType": "uint256",
        "name": "id",
        "type": "uint256"
      },
      {
        "indexed": false,
        "internalType": "uint256",
        "name": "transactionIndex",
        "type": "uint256"
      }
    ],
    "name": "ProposalExecuted",
    "type": "event"
  },
  {
    "anonymous": false,
    "inputs": [
      {
        "indexed": true,
        "internalType": "uint256",
        "name": "roleId",
        "type": "uint256"
      },
      {
        "indexed": true,
        "internalType": "address",
        "name": "oldMember",
        "type": "address"
      },
      {
        "indexed": true,
        "internalType": "address",
        "name": "manager",
        "type": "address"
      }
    ],
    "name": "RemovedSharedMember",
    "type": "event"
  },
  {
    "anonymous": false,
    "inputs": [
      {
        "indexed": true,
        "internalType": "uint256",
        "name": "roleId",
        "type": "uint256"
      },
      {
        "indexed": true,
        "internalType": "address",
        "name": "newMember",
        "type": "address"
      },
      {
        "indexed": true,
        "internalType": "address",
        "name": "manager",
        "type": "address"
      }
    ],
    "name": "ResetExclusiveMember",
    "type": "event"
  },
  {
    "inputs": [
      {
        "internalType": "uint256",
        "name": "roleId",
        "type": "uint256"
      },
      {
        "internalType": "address",
        "name": "newMember",
        "type": "address"
      }
    ],
    "name": "addMember",
    "outputs": [],
    "stateMutability": "nonpayable",
    "type": "function"
  },
  {
    "inputs": [],
    "name": "getCurrentTime",
    "outputs": [
      {
        "internalType": "uint256",
        "name": "",
        "type": "uint256"
      }
    ],
    "stateMutability": "view",
    "type": "function"
  },
  {
    "inputs": [
      {
        "internalType": "uint256",
        "name": "roleId",
        "type": "uint256"
      }
    ],
    "name": "getMember",
    "outputs": [
      {
        "internalType": "address",
        "name": "",
        "type": "address"
      }
    ],
    "stateMutability": "view",
    "type": "function"
  },
  {
    "inputs": [
      {
        "internalType": "uint256",
        "name": "roleId",
        "type": "uint256"
      },
      {
        "internalType": "address",
        "name": "memberToCheck",
        "type": "address"
      }
    ],
    "name": "holdsRole",
    "outputs": [
      {
        "internalType": "bool",
        "name": "",
        "type": "bool"
      }
    ],
    "stateMutability": "view",
    "type": "function"
  },
  {
    "inputs": [
      {
        "internalType": "uint256",
        "name": "",
        "type": "uint256"
      }
    ],
    "name": "proposals",
    "outputs": [
      {
        "internalType": "uint256",
        "name": "requestTime",
        "type": "uint256"
      }
    ],
    "stateMutability": "view",
    "type": "function"
  },
  {
    "inputs": [
      {
        "internalType": "uint256",
        "name": "roleId",
        "type": "uint256"
      },
      {
        "internalType": "address",
        "name": "memberToRemove",
        "type": "address"
      }
    ],
    "name": "removeMember",
    "outputs": [],
    "stateMutability": "nonpayable",
    "type": "function"
  },
  {
    "inputs": [
      {
        "internalType": "uint256",
        "name": "roleId",
        "type": "uint256"
      }
    ],
    "name": "renounceMembership",
    "outputs": [],
    "stateMutability": "nonpayable",
    "type": "function"
  },
  {
    "inputs": [
      {
        "internalType": "uint256",
        "name": "roleId",
        "type": "uint256"
      },
      {
        "internalType": "address",
        "name": "newMember",
        "type": "address"
      }
    ],
    "name": "resetMember",
    "outputs": [],
    "stateMutability": "nonpayable",
    "type": "function"
  },
  {
    "inputs": [
      {
        "internalType": "uint256",
        "name": "time",
        "type": "uint256"
      }
    ],
    "name": "setCurrentTime",
    "outputs": [],
    "stateMutability": "nonpayable",
    "type": "function"
  },
  {
    "inputs": [],
    "name": "timerAddress",
    "outputs": [
      {
        "internalType": "address",
        "name": "",
        "type": "address"
      }
    ],
    "stateMutability": "view",
    "type": "function"
  },
  {
    "inputs": [
      {
        "components": [
          {
            "internalType": "address",
            "name": "to",
            "type": "address"
          },
          {
            "internalType": "uint256",
            "name": "value",
            "type": "uint256"
          },
          {
            "internalType": "bytes",
            "name": "data",
            "type": "bytes"
          }
        ],
        "internalType": "struct Governor.Transaction[]",
        "name": "transactions",
        "type": "tuple[]"
      }
    ],
    "name": "propose",
    "outputs": [],
    "stateMutability": "nonpayable",
    "type": "function"
  },
  {
    "inputs": [
      {
        "internalType": "uint256",
        "name": "id",
        "type": "uint256"
      },
      {
        "internalType": "uint256",
        "name": "transactionIndex",
        "type": "uint256"
      }
    ],
    "name": "executeProposal",
    "outputs": [],
    "stateMutability": "payable",
    "type": "function"
  },
  {
    "inputs": [],
    "name": "numProposals",
    "outputs": [
      {
        "internalType": "uint256",
        "name": "",
        "type": "uint256"
      }
    ],
    "stateMutability": "view",
    "type": "function"
  },
  {
    "inputs": [
      {
        "internalType": "uint256",
        "name": "id",
        "type": "uint256"
      }
    ],
    "name": "getProposal",
    "outputs": [
      {
        "components": [
          {
            "components": [
              {
                "internalType": "address",
                "name": "to",
                "type": "address"
              },
              {
                "internalType": "uint256",
                "name": "value",
                "type": "uint256"
              },
              {
                "internalType": "bytes",
                "name": "data",
                "type": "bytes"
              }
            ],
            "internalType": "struct Governor.Transaction[]",
            "name": "transactions",
            "type": "tuple[]"
          },
          {
            "internalType": "uint256",
            "name": "requestTime",
            "type": "uint256"
          }
        ],
        "internalType": "struct Governor.Proposal",
        "name": "",
        "type": "tuple"
      }
    ],
    "stateMutability": "view",
    "type": "function"
  }
]