[
  {
    "inputs": [],
    "stateMutability": "nonpayable",
    "type": "constructor"
  },
  {
    "anonymous": false,
    "inputs": [
      {
        "indexed": true,
        "internalType": "address",
        "name": "smartChef",
        "type": "address"
      }
    ],
    "name": "NewSmartChefContract",
    "type": "event"
  },
  {
    "anonymous": false,
    "inputs": [
      {
        "indexed": true,
        "internalType": "address",
        "name": "previousOwner",
        "type": "address"
      },
      {
        "indexed": true,
        "internalType": "address",
        "name": "newOwner",
        "type": "address"
      }
    ],
    "name": "OwnershipTransferred",
    "type": "event"
  },
  {
    "inputs": [
      {
        "internalType": "contract IBEP20",
        "name": "_stakedToken",
        "type": "address"
      },
      {
        "internalType": "contract IBEP20",
        "name": "_rewardToken",
        "type": "address"
      },
      {
        "internalType": "uint256",
        "name": "_rewardPerBlock",
        "type": "uint256"
      },
      {
        "internalType": "uint256",
        "name": "_startBlock",
        "type": "uint256"
      },
      {
        "internalType": "uint256",
        "name": "_bonusEndBlock",
        "type": "uint256"
      },
      {
        "internalType": "uint256",
        "name": "_poolLimitPerUser",
        "type": "uint256"
      },
      {
        "internalType": "address",
        "name": "_admin",
        "type": "address"
      }
    ],
    "name": "deployPool",
    "outputs": [],
    "stateMutability": "nonpayable",
    "type": "function"
  },
  {
    "inputs": [],
    "name": "owner",
    "outputs": [
      {
        "internalType": "address",
        "name": "",
        "type": "address"
      }
    ],
    "stateMutability": "view",
    "type": "function"
  },
  {
    "inputs": [],
    "name": "renounceOwnership",
    "outputs": [],
    "stateMutability": "nonpayable",
    "type": "function"
  },
  {
    "inputs": [
      {
        "internalType": "address",
        "name": "newOwner",
        "type": "address"
      }
    ],
    "name": "transferOwnership",
    "outputs": [],
    "stateMutability": "nonpayable",
    "type": "function"
  }
]
