[
  {
    "inputs": [
      {
        "internalType": "string",
        "name": "tokenName",
        "type": "string"
      },
      {
        "internalType": "string",
        "name": "tokenSymbol",
        "type": "string"
      },
      {
        "internalType": "uint8",
        "name": "tokenDecimals",
        "type": "uint8"
      }
    ],
    "name": "createToken",
    "outputs": [
      {
        "internalType": "contract ExpandedIERC20",
        "name": "newToken",
        "type": "address"
      }
    ],
    "stateMutability": "nonpayable",
    "type": "function"
  }
]