[
  {
    "inputs": [
      {
        "internalType": "uint256",
        "name": "_phaseLength",
        "type": "uint256"
      },
      {
        "components": [
          {
            "internalType": "uint256",
            "name": "rawValue",
            "type": "uint256"
          }
        ],
        "internalType": "struct FixedPoint.Unsigned",
        "name": "_gatPercentage",
        "type": "tuple"
      },
      {
        "components": [
          {
            "internalType": "uint256",
            "name": "rawValue",
            "type": "uint256"
          }
        ],
        "internalType": "struct FixedPoint.Unsigned",
        "name": "_inflationRate",
        "type": "tuple"
      },
      {
        "internalType": "uint256",
        "name": "_rewardsExpirationTimeout",
        "type": "uint256"
      },
      {
        "internalType": "address",
        "name": "_votingToken",
        "type": "address"
      },
      {
        "internalType": "address",
        "name": "_finder",
        "type": "address"
      },
      {
        "internalType": "address",
        "name": "_timerAddress",
        "type": "address"
      }
    ],
    "stateMutability": "nonpayable",
    "type": "constructor"
  },
  {
    "anonymous": false,
    "inputs": [
      {
        "indexed": true,
        "internalType": "address",
        "name": "voter",
        "type": "address"
      },
      {
        "indexed": true,
        "internalType": "uint256",
        "name": "roundId",
        "type": "uint256"
      },
      {
        "indexed": true,
        "internalType": "bytes32",
        "name": "identifier",
        "type": "bytes32"
      },
      {
        "indexed": false,
        "internalType": "uint256",
        "name": "time",
        "type": "uint256"
      },
      {
        "indexed": false,
        "internalType": "bytes",
        "name": "encryptedVote",
        "type": "bytes"
      }
    ],
    "name": "EncryptedVote",
    "type": "event"
  },
  {
    "anonymous": false,
    "inputs": [
      {
        "indexed": true,
        "internalType": "address",
        "name": "previousOwner",
        "type": "address"
      },
      {
        "indexed": true,
        "internalType": "address",
        "name": "newOwner",
        "type": "address"
      }
    ],
    "name": "OwnershipTransferred",
    "type": "event"
  },
  {
    "anonymous": false,
    "inputs": [
      {
        "indexed": true,
        "internalType": "uint256",
        "name": "roundId",
        "type": "uint256"
      },
      {
        "indexed": true,
        "internalType": "bytes32",
        "name": "identifier",
        "type": "bytes32"
      },
      {
        "indexed": false,
        "internalType": "uint256",
        "name": "time",
        "type": "uint256"
      }
    ],
    "name": "PriceRequestAdded",
    "type": "event"
  },
  {
    "anonymous": false,
    "inputs": [
      {
        "indexed": true,
        "internalType": "uint256",
        "name": "roundId",
        "type": "uint256"
      },
      {
        "indexed": true,
        "internalType": "bytes32",
        "name": "identifier",
        "type": "bytes32"
      },
      {
        "indexed": false,
        "internalType": "uint256",
        "name": "time",
        "type": "uint256"
      },
      {
        "indexed": false,
        "internalType": "int256",
        "name": "price",
        "type": "int256"
      }
    ],
    "name": "PriceResolved",
    "type": "event"
  },
  {
    "anonymous": false,
    "inputs": [
      {
        "indexed": true,
        "internalType": "address",
        "name": "voter",
        "type": "address"
      },
      {
        "indexed": true,
        "internalType": "uint256",
        "name": "roundId",
        "type": "uint256"
      },
      {
        "indexed": true,
        "internalType": "bytes32",
        "name": "identifier",
        "type": "bytes32"
      },
      {
        "indexed": false,
        "internalType": "uint256",
        "name": "time",
        "type": "uint256"
      },
      {
        "indexed": false,
        "internalType": "uint256",
        "name": "numTokens",
        "type": "uint256"
      }
    ],
    "name": "RewardsRetrieved",
    "type": "event"
  },
  {
    "anonymous": false,
    "inputs": [
      {
        "indexed": true,
        "internalType": "address",
        "name": "voter",
        "type": "address"
      },
      {
        "indexed": true,
        "internalType": "uint256",
        "name": "roundId",
        "type": "uint256"
      },
      {
        "indexed": true,
        "internalType": "bytes32",
        "name": "identifier",
        "type": "bytes32"
      },
      {
        "indexed": false,
        "internalType": "uint256",
        "name": "time",
        "type": "uint256"
      }
    ],
    "name": "VoteCommitted",
    "type": "event"
  },
  {
    "anonymous": false,
    "inputs": [
      {
        "indexed": true,
        "internalType": "address",
        "name": "voter",
        "type": "address"
      },
      {
        "indexed": true,
        "internalType": "uint256",
        "name": "roundId",
        "type": "uint256"
      },
      {
        "indexed": true,
        "internalType": "bytes32",
        "name": "identifier",
        "type": "bytes32"
      },
      {
        "indexed": false,
        "internalType": "uint256",
        "name": "time",
        "type": "uint256"
      },
      {
        "indexed": false,
        "internalType": "int256",
        "name": "price",
        "type": "int256"
      },
      {
        "indexed": false,
        "internalType": "uint256",
        "name": "numTokens",
        "type": "uint256"
      }
    ],
    "name": "VoteRevealed",
    "type": "event"
  },
  {
    "inputs": [],
    "name": "gatPercentage",
    "outputs": [
      {
        "internalType": "uint256",
        "name": "rawValue",
        "type": "uint256"
      }
    ],
    "stateMutability": "view",
    "type": "function"
  },
  {
    "inputs": [],
    "name": "getCurrentTime",
    "outputs": [
      {
        "internalType": "uint256",
        "name": "",
        "type": "uint256"
      }
    ],
    "stateMutability": "view",
    "type": "function"
  },
  {
    "inputs": [],
    "name": "inflationRate",
    "outputs": [
      {
        "internalType": "uint256",
        "name": "rawValue",
        "type": "uint256"
      }
    ],
    "stateMutability": "view",
    "type": "function"
  },
  {
    "inputs": [],
    "name": "migratedAddress",
    "outputs": [
      {
        "internalType": "address",
        "name": "",
        "type": "address"
      }
    ],
    "stateMutability": "view",
    "type": "function"
  },
  {
    "inputs": [],
    "name": "owner",
    "outputs": [
      {
        "internalType": "address",
        "name": "",
        "type": "address"
      }
    ],
    "stateMutability": "view",
    "type": "function"
  },
  {
    "inputs": [],
    "name": "renounceOwnership",
    "outputs": [],
    "stateMutability": "nonpayable",
    "type": "function"
  },
  {
    "inputs": [],
    "name": "rewardsExpirationTimeout",
    "outputs": [
      {
        "internalType": "uint256",
        "name": "",
        "type": "uint256"
      }
    ],
    "stateMutability": "view",
    "type": "function"
  },
  {
    "inputs": [
      {
        "internalType": "uint256",
        "name": "",
        "type": "uint256"
      }
    ],
    "name": "rounds",
    "outputs": [
      {
        "internalType": "uint256",
        "name": "snapshotId",
        "type": "uint256"
      },
      {
        "components": [
          {
            "internalType": "uint256",
            "name": "rawValue",
            "type": "uint256"
          }
        ],
        "internalType": "struct FixedPoint.Unsigned",
        "name": "inflationRate",
        "type": "tuple"
      },
      {
        "components": [
          {
            "internalType": "uint256",
            "name": "rawValue",
            "type": "uint256"
          }
        ],
        "internalType": "struct FixedPoint.Unsigned",
        "name": "gatPercentage",
        "type": "tuple"
      },
      {
        "internalType": "uint256",
        "name": "rewardsExpirationTime",
        "type": "uint256"
      }
    ],
    "stateMutability": "view",
    "type": "function"
  },
  {
    "inputs": [
      {
        "internalType": "uint256",
        "name": "time",
        "type": "uint256"
      }
    ],
    "name": "setCurrentTime",
    "outputs": [],
    "stateMutability": "nonpayable",
    "type": "function"
  },
  {
    "inputs": [],
    "name": "snapshotMessage",
    "outputs": [
      {
        "internalType": "bytes32",
        "name": "",
        "type": "bytes32"
      }
    ],
    "stateMutability": "view",
    "type": "function"
  },
  {
    "inputs": [],
    "name": "timerAddress",
    "outputs": [
      {
        "internalType": "address",
        "name": "",
        "type": "address"
      }
    ],
    "stateMutability": "view",
    "type": "function"
  },
  {
    "inputs": [
      {
        "internalType": "address",
        "name": "newOwner",
        "type": "address"
      }
    ],
    "name": "transferOwnership",
    "outputs": [],
    "stateMutability": "nonpayable",
    "type": "function"
  },
  {
    "inputs": [],
    "name": "voteTiming",
    "outputs": [
      {
        "internalType": "uint256",
        "name": "phaseLength",
        "type": "uint256"
      }
    ],
    "stateMutability": "view",
    "type": "function"
  },
  {
    "inputs": [],
    "name": "votingToken",
    "outputs": [
      {
        "internalType": "contract VotingToken",
        "name": "",
        "type": "address"
      }
    ],
    "stateMutability": "view",
    "type": "function"
  },
  {
    "inputs": [
      {
        "internalType": "bytes32",
        "name": "identifier",
        "type": "bytes32"
      },
      {
        "internalType": "uint256",
        "name": "time",
        "type": "uint256"
      }
    ],
    "name": "requestPrice",
    "outputs": [],
    "stateMutability": "nonpayable",
    "type": "function"
  },
  {
    "inputs": [
      {
        "internalType": "bytes32",
        "name": "identifier",
        "type": "bytes32"
      },
      {
        "internalType": "uint256",
        "name": "time",
        "type": "uint256"
      }
    ],
    "name": "hasPrice",
    "outputs": [
      {
        "internalType": "bool",
        "name": "",
        "type": "bool"
      }
    ],
    "stateMutability": "view",
    "type": "function"
  },
  {
    "inputs": [
      {
        "internalType": "bytes32",
        "name": "identifier",
        "type": "bytes32"
      },
      {
        "internalType": "uint256",
        "name": "time",
        "type": "uint256"
      }
    ],
    "name": "getPrice",
    "outputs": [
      {
        "internalType": "int256",
        "name": "",
        "type": "int256"
      }
    ],
    "stateMutability": "view",
    "type": "function"
  },
  {
    "inputs": [
      {
        "components": [
          {
            "internalType": "bytes32",
            "name": "identifier",
            "type": "bytes32"
          },
          {
            "internalType": "uint256",
            "name": "time",
            "type": "uint256"
          }
        ],
        "internalType": "struct VotingInterface.PendingRequest[]",
        "name": "requests",
        "type": "tuple[]"
      }
    ],
    "name": "getPriceRequestStatuses",
    "outputs": [
      {
        "components": [
          {
            "internalType": "enum Voting.RequestStatus",
            "name": "status",
            "type": "uint8"
          },
          {
            "internalType": "uint256",
            "name": "lastVotingRound",
            "type": "uint256"
          }
        ],
        "internalType": "struct Voting.RequestState[]",
        "name": "",
        "type": "tuple[]"
      }
    ],
    "stateMutability": "view",
    "type": "function"
  },
  {
    "inputs": [
      {
        "internalType": "bytes32",
        "name": "identifier",
        "type": "bytes32"
      },
      {
        "internalType": "uint256",
        "name": "time",
        "type": "uint256"
      },
      {
        "internalType": "bytes32",
        "name": "hash",
        "type": "bytes32"
      }
    ],
    "name": "commitVote",
    "outputs": [],
    "stateMutability": "nonpayable",
    "type": "function"
  },
  {
    "inputs": [
      {
        "internalType": "bytes",
        "name": "signature",
        "type": "bytes"
      }
    ],
    "name": "snapshotCurrentRound",
    "outputs": [],
    "stateMutability": "nonpayable",
    "type": "function"
  },
  {
    "inputs": [
      {
        "internalType": "bytes32",
        "name": "identifier",
        "type": "bytes32"
      },
      {
        "internalType": "uint256",
        "name": "time",
        "type": "uint256"
      },
      {
        "internalType": "int256",
        "name": "price",
        "type": "int256"
      },
      {
        "internalType": "int256",
        "name": "salt",
        "type": "int256"
      }
    ],
    "name": "revealVote",
    "outputs": [],
    "stateMutability": "nonpayable",
    "type": "function"
  },
  {
    "inputs": [
      {
        "internalType": "bytes32",
        "name": "identifier",
        "type": "bytes32"
      },
      {
        "internalType": "uint256",
        "name": "time",
        "type": "uint256"
      },
      {
        "internalType": "bytes32",
        "name": "hash",
        "type": "bytes32"
      },
      {
        "internalType": "bytes",
        "name": "encryptedVote",
        "type": "bytes"
      }
    ],
    "name": "commitAndEmitEncryptedVote",
    "outputs": [],
    "stateMutability": "nonpayable",
    "type": "function"
  },
  {
    "inputs": [
      {
        "components": [
          {
            "internalType": "bytes32",
            "name": "identifier",
            "type": "bytes32"
          },
          {
            "internalType": "uint256",
            "name": "time",
            "type": "uint256"
          },
          {
            "internalType": "bytes32",
            "name": "hash",
            "type": "bytes32"
          },
          {
            "internalType": "bytes",
            "name": "encryptedVote",
            "type": "bytes"
          }
        ],
        "internalType": "struct VotingInterface.Commitment[]",
        "name": "commits",
        "type": "tuple[]"
      }
    ],
    "name": "batchCommit",
    "outputs": [],
    "stateMutability": "nonpayable",
    "type": "function"
  },
  {
    "inputs": [
      {
        "components": [
          {
            "internalType": "bytes32",
            "name": "identifier",
            "type": "bytes32"
          },
          {
            "internalType": "uint256",
            "name": "time",
            "type": "uint256"
          },
          {
            "internalType": "int256",
            "name": "price",
            "type": "int256"
          },
          {
            "internalType": "int256",
            "name": "salt",
            "type": "int256"
          }
        ],
        "internalType": "struct VotingInterface.Reveal[]",
        "name": "reveals",
        "type": "tuple[]"
      }
    ],
    "name": "batchReveal",
    "outputs": [],
    "stateMutability": "nonpayable",
    "type": "function"
  },
  {
    "inputs": [
      {
        "internalType": "address",
        "name": "voterAddress",
        "type": "address"
      },
      {
        "internalType": "uint256",
        "name": "roundId",
        "type": "uint256"
      },
      {
        "components": [
          {
            "internalType": "bytes32",
            "name": "identifier",
            "type": "bytes32"
          },
          {
            "internalType": "uint256",
            "name": "time",
            "type": "uint256"
          }
        ],
        "internalType": "struct VotingInterface.PendingRequest[]",
        "name": "toRetrieve",
        "type": "tuple[]"
      }
    ],
    "name": "retrieveRewards",
    "outputs": [
      {
        "components": [
          {
            "internalType": "uint256",
            "name": "rawValue",
            "type": "uint256"
          }
        ],
        "internalType": "struct FixedPoint.Unsigned",
        "name": "totalRewardToIssue",
        "type": "tuple"
      }
    ],
    "stateMutability": "nonpayable",
    "type": "function"
  },
  {
    "inputs": [],
    "name": "getPendingRequests",
    "outputs": [
      {
        "components": [
          {
            "internalType": "bytes32",
            "name": "identifier",
            "type": "bytes32"
          },
          {
            "internalType": "uint256",
            "name": "time",
            "type": "uint256"
          }
        ],
        "internalType": "struct VotingInterface.PendingRequest[]",
        "name": "",
        "type": "tuple[]"
      }
    ],
    "stateMutability": "view",
    "type": "function"
  },
  {
    "inputs": [],
    "name": "getVotePhase",
    "outputs": [
      {
        "internalType": "enum VotingInterface.Phase",
        "name": "",
        "type": "uint8"
      }
    ],
    "stateMutability": "view",
    "type": "function"
  },
  {
    "inputs": [],
    "name": "getCurrentRoundId",
    "outputs": [
      {
        "internalType": "uint256",
        "name": "",
        "type": "uint256"
      }
    ],
    "stateMutability": "view",
    "type": "function"
  },
  {
    "inputs": [
      {
        "internalType": "address",
        "name": "newVotingAddress",
        "type": "address"
      }
    ],
    "name": "setMigrated",
    "outputs": [],
    "stateMutability": "nonpayable",
    "type": "function"
  },
  {
    "inputs": [
      {
        "components": [
          {
            "internalType": "uint256",
            "name": "rawValue",
            "type": "uint256"
          }
        ],
        "internalType": "struct FixedPoint.Unsigned",
        "name": "newInflationRate",
        "type": "tuple"
      }
    ],
    "name": "setInflationRate",
    "outputs": [],
    "stateMutability": "nonpayable",
    "type": "function"
  },
  {
    "inputs": [
      {
        "components": [
          {
            "internalType": "uint256",
            "name": "rawValue",
            "type": "uint256"
          }
        ],
        "internalType": "struct FixedPoint.Unsigned",
        "name": "newGatPercentage",
        "type": "tuple"
      }
    ],
    "name": "setGatPercentage",
    "outputs": [],
    "stateMutability": "nonpayable",
    "type": "function"
  },
  {
    "inputs": [
      {
        "internalType": "uint256",
        "name": "NewRewardsExpirationTimeout",
        "type": "uint256"
      }
    ],
    "name": "setRewardsExpirationTimeout",
    "outputs": [],
    "stateMutability": "nonpayable",
    "type": "function"
  }
]