[
  {
    "inputs": [
      { "internalType": "address", "name": "_factory", "type": "address" },
      { "internalType": "address", "name": "_wNATIVE", "type": "address" },
      { "internalType": "address", "name": "_mpc", "type": "address" }
    ],
    "stateMutability": "nonpayable",
    "type": "constructor"
  },
  {
    "anonymous": false,
    "inputs": [
      { "indexed": true, "internalType": "bytes32", "name": "txhash", "type": "bytes32" },
      { "indexed": true, "internalType": "address", "name": "token", "type": "address" },
      { "indexed": true, "internalType": "address", "name": "to", "type": "address" },
      { "indexed": false, "internalType": "uint256", "name": "amount", "type": "uint256" },
      { "indexed": false, "internalType": "uint256", "name": "fromChainID", "type": "uint256" },
      { "indexed": false, "internalType": "uint256", "name": "toChainID", "type": "uint256" }
    ],
    "name": "LogAnySwapIn",
    "type": "event"
  },
  {
    "anonymous": false,
    "inputs": [
      { "indexed": true, "internalType": "address", "name": "token", "type": "address" },
      { "indexed": true, "internalType": "address", "name": "from", "type": "address" },
      { "indexed": true, "internalType": "address", "name": "to", "type": "address" },
      { "indexed": false, "internalType": "uint256", "name": "amount", "type": "uint256" },
      { "indexed": false, "internalType": "uint256", "name": "fromChainID", "type": "uint256" },
      { "indexed": false, "internalType": "uint256", "name": "toChainID", "type": "uint256" }
    ],
    "name": "LogAnySwapOut",
    "type": "event"
  },
  {
    "anonymous": false,
    "inputs": [
      { "indexed": false, "internalType": "address[]", "name": "path", "type": "address[]" },
      { "indexed": true, "internalType": "address", "name": "from", "type": "address" },
      { "indexed": true, "internalType": "address", "name": "to", "type": "address" },
      { "indexed": false, "internalType": "uint256", "name": "amountIn", "type": "uint256" },
      { "indexed": false, "internalType": "uint256", "name": "amountOutMin", "type": "uint256" },
      { "indexed": false, "internalType": "uint256", "name": "fromChainID", "type": "uint256" },
      { "indexed": false, "internalType": "uint256", "name": "toChainID", "type": "uint256" }
    ],
    "name": "LogAnySwapTradeTokensForNative",
    "type": "event"
  },
  {
    "anonymous": false,
    "inputs": [
      { "indexed": false, "internalType": "address[]", "name": "path", "type": "address[]" },
      { "indexed": true, "internalType": "address", "name": "from", "type": "address" },
      { "indexed": true, "internalType": "address", "name": "to", "type": "address" },
      { "indexed": false, "internalType": "uint256", "name": "amountIn", "type": "uint256" },
      { "indexed": false, "internalType": "uint256", "name": "amountOutMin", "type": "uint256" },
      { "indexed": false, "internalType": "uint256", "name": "fromChainID", "type": "uint256" },
      { "indexed": false, "internalType": "uint256", "name": "toChainID", "type": "uint256" }
    ],
    "name": "LogAnySwapTradeTokensForTokens",
    "type": "event"
  },
  {
    "anonymous": false,
    "inputs": [
      { "indexed": true, "internalType": "address", "name": "oldMPC", "type": "address" },
      { "indexed": true, "internalType": "address", "name": "newMPC", "type": "address" },
      { "indexed": true, "internalType": "uint256", "name": "effectiveTime", "type": "uint256" },
      { "indexed": false, "internalType": "uint256", "name": "chainID", "type": "uint256" }
    ],
    "name": "LogChangeMPC",
    "type": "event"
  },
  {
    "anonymous": false,
    "inputs": [
      { "indexed": true, "internalType": "address", "name": "oldRouter", "type": "address" },
      { "indexed": true, "internalType": "address", "name": "newRouter", "type": "address" },
      { "indexed": false, "internalType": "uint256", "name": "chainID", "type": "uint256" }
    ],
    "name": "LogChangeRouter",
    "type": "event"
  },
  {
    "inputs": [
      { "internalType": "address", "name": "token", "type": "address" },
      { "internalType": "uint256", "name": "amount", "type": "uint256" }
    ],
    "name": "anySwapFeeTo",
    "outputs": [],
    "stateMutability": "nonpayable",
    "type": "function"
  },
  {
    "inputs": [
      { "internalType": "bytes32[]", "name": "txs", "type": "bytes32[]" },
      { "internalType": "address[]", "name": "tokens", "type": "address[]" },
      { "internalType": "address[]", "name": "to", "type": "address[]" },
      { "internalType": "uint256[]", "name": "amounts", "type": "uint256[]" },
      { "internalType": "uint256[]", "name": "fromChainIDs", "type": "uint256[]" }
    ],
    "name": "anySwapIn",
    "outputs": [],
    "stateMutability": "nonpayable",
    "type": "function"
  },
  {
    "inputs": [
      { "internalType": "bytes32", "name": "txs", "type": "bytes32" },
      { "internalType": "address", "name": "token", "type": "address" },
      { "internalType": "address", "name": "to", "type": "address" },
      { "internalType": "uint256", "name": "amount", "type": "uint256" },
      { "internalType": "uint256", "name": "fromChainID", "type": "uint256" }
    ],
    "name": "anySwapIn",
    "outputs": [],
    "stateMutability": "nonpayable",
    "type": "function"
  },
  {
    "inputs": [
      { "internalType": "bytes32", "name": "txs", "type": "bytes32" },
      { "internalType": "address", "name": "token", "type": "address" },
      { "internalType": "address", "name": "to", "type": "address" },
      { "internalType": "uint256", "name": "amount", "type": "uint256" },
      { "internalType": "uint256", "name": "fromChainID", "type": "uint256" }
    ],
    "name": "anySwapInAuto",
    "outputs": [],
    "stateMutability": "nonpayable",
    "type": "function"
  },
  {
    "inputs": [
      { "internalType": "bytes32", "name": "txs", "type": "bytes32" },
      { "internalType": "uint256", "name": "amountIn", "type": "uint256" },
      { "internalType": "uint256", "name": "amountOutMin", "type": "uint256" },
      { "internalType": "address[]", "name": "path", "type": "address[]" },
      { "internalType": "address", "name": "to", "type": "address" },
      { "internalType": "uint256", "name": "deadline", "type": "uint256" },
      { "internalType": "uint256", "name": "fromChainID", "type": "uint256" }
    ],
    "name": "anySwapInExactTokensForNative",
    "outputs": [{ "internalType": "uint256[]", "name": "amounts", "type": "uint256[]" }],
    "stateMutability": "nonpayable",
    "type": "function"
  },
  {
    "inputs": [
      { "internalType": "bytes32", "name": "txs", "type": "bytes32" },
      { "internalType": "uint256", "name": "amountIn", "type": "uint256" },
      { "internalType": "uint256", "name": "amountOutMin", "type": "uint256" },
      { "internalType": "address[]", "name": "path", "type": "address[]" },
      { "internalType": "address", "name": "to", "type": "address" },
      { "internalType": "uint256", "name": "deadline", "type": "uint256" },
      { "internalType": "uint256", "name": "fromChainID", "type": "uint256" }
    ],
    "name": "anySwapInExactTokensForTokens",
    "outputs": [{ "internalType": "uint256[]", "name": "amounts", "type": "uint256[]" }],
    "stateMutability": "nonpayable",
    "type": "function"
  },
  {
    "inputs": [
      { "internalType": "bytes32", "name": "txs", "type": "bytes32" },
      { "internalType": "address", "name": "token", "type": "address" },
      { "internalType": "address", "name": "to", "type": "address" },
      { "internalType": "uint256", "name": "amount", "type": "uint256" },
      { "internalType": "uint256", "name": "fromChainID", "type": "uint256" }
    ],
    "name": "anySwapInUnderlying",
    "outputs": [],
    "stateMutability": "nonpayable",
    "type": "function"
  },
  {
    "inputs": [
      { "internalType": "address", "name": "token", "type": "address" },
      { "internalType": "address", "name": "to", "type": "address" },
      { "internalType": "uint256", "name": "amount", "type": "uint256" },
      { "internalType": "uint256", "name": "toChainID", "type": "uint256" }
    ],
    "name": "anySwapOut",
    "outputs": [],
    "stateMutability": "nonpayable",
    "type": "function"
  },
  {
    "inputs": [
      { "internalType": "address[]", "name": "tokens", "type": "address[]" },
      { "internalType": "address[]", "name": "to", "type": "address[]" },
      { "internalType": "uint256[]", "name": "amounts", "type": "uint256[]" },
      { "internalType": "uint256[]", "name": "toChainIDs", "type": "uint256[]" }
    ],
    "name": "anySwapOut",
    "outputs": [],
    "stateMutability": "nonpayable",
    "type": "function"
  },
  {
    "inputs": [
      { "internalType": "uint256", "name": "amountIn", "type": "uint256" },
      { "internalType": "uint256", "name": "amountOutMin", "type": "uint256" },
      { "internalType": "address[]", "name": "path", "type": "address[]" },
      { "internalType": "address", "name": "to", "type": "address" },
      { "internalType": "uint256", "name": "deadline", "type": "uint256" },
      { "internalType": "uint256", "name": "toChainID", "type": "uint256" }
    ],
    "name": "anySwapOutExactTokensForNative",
    "outputs": [],
    "stateMutability": "nonpayable",
    "type": "function"
  },
  {
    "inputs": [
      { "internalType": "uint256", "name": "amountIn", "type": "uint256" },
      { "internalType": "uint256", "name": "amountOutMin", "type": "uint256" },
      { "internalType": "address[]", "name": "path", "type": "address[]" },
      { "internalType": "address", "name": "to", "type": "address" },
      { "internalType": "uint256", "name": "deadline", "type": "uint256" },
      { "internalType": "uint256", "name": "toChainID", "type": "uint256" }
    ],
    "name": "anySwapOutExactTokensForNativeUnderlying",
    "outputs": [],
    "stateMutability": "nonpayable",
    "type": "function"
  },
  {
    "inputs": [
      { "internalType": "address", "name": "from", "type": "address" },
      { "internalType": "uint256", "name": "amountIn", "type": "uint256" },
      { "internalType": "uint256", "name": "amountOutMin", "type": "uint256" },
      { "internalType": "address[]", "name": "path", "type": "address[]" },
      { "internalType": "address", "name": "to", "type": "address" },
      { "internalType": "uint256", "name": "deadline", "type": "uint256" },
      { "internalType": "uint8", "name": "v", "type": "uint8" },
      { "internalType": "bytes32", "name": "r", "type": "bytes32" },
      { "internalType": "bytes32", "name": "s", "type": "bytes32" },
      { "internalType": "uint256", "name": "toChainID", "type": "uint256" }
    ],
    "name": "anySwapOutExactTokensForNativeUnderlyingWithPermit",
    "outputs": [],
    "stateMutability": "nonpayable",
    "type": "function"
  },
  {
    "inputs": [
      { "internalType": "address", "name": "from", "type": "address" },
      { "internalType": "uint256", "name": "amountIn", "type": "uint256" },
      { "internalType": "uint256", "name": "amountOutMin", "type": "uint256" },
      { "internalType": "address[]", "name": "path", "type": "address[]" },
      { "internalType": "address", "name": "to", "type": "address" },
      { "internalType": "uint256", "name": "deadline", "type": "uint256" },
      { "internalType": "uint8", "name": "v", "type": "uint8" },
      { "internalType": "bytes32", "name": "r", "type": "bytes32" },
      { "internalType": "bytes32", "name": "s", "type": "bytes32" },
      { "internalType": "uint256", "name": "toChainID", "type": "uint256" }
    ],
    "name": "anySwapOutExactTokensForNativeUnderlyingWithTransferPermit",
    "outputs": [],
    "stateMutability": "nonpayable",
    "type": "function"
  },
  {
    "inputs": [
      { "internalType": "uint256", "name": "amountIn", "type": "uint256" },
      { "internalType": "uint256", "name": "amountOutMin", "type": "uint256" },
      { "internalType": "address[]", "name": "path", "type": "address[]" },
      { "internalType": "address", "name": "to", "type": "address" },
      { "internalType": "uint256", "name": "deadline", "type": "uint256" },
      { "internalType": "uint256", "name": "toChainID", "type": "uint256" }
    ],
    "name": "anySwapOutExactTokensForTokens",
    "outputs": [],
    "stateMutability": "nonpayable",
    "type": "function"
  },
  {
    "inputs": [
      { "internalType": "uint256", "name": "amountIn", "type": "uint256" },
      { "internalType": "uint256", "name": "amountOutMin", "type": "uint256" },
      { "internalType": "address[]", "name": "path", "type": "address[]" },
      { "internalType": "address", "name": "to", "type": "address" },
      { "internalType": "uint256", "name": "deadline", "type": "uint256" },
      { "internalType": "uint256", "name": "toChainID", "type": "uint256" }
    ],
    "name": "anySwapOutExactTokensForTokensUnderlying",
    "outputs": [],
    "stateMutability": "nonpayable",
    "type": "function"
  },
  {
    "inputs": [
      { "internalType": "address", "name": "from", "type": "address" },
      { "internalType": "uint256", "name": "amountIn", "type": "uint256" },
      { "internalType": "uint256", "name": "amountOutMin", "type": "uint256" },
      { "internalType": "address[]", "name": "path", "type": "address[]" },
      { "internalType": "address", "name": "to", "type": "address" },
      { "internalType": "uint256", "name": "deadline", "type": "uint256" },
      { "internalType": "uint8", "name": "v", "type": "uint8" },
      { "internalType": "bytes32", "name": "r", "type": "bytes32" },
      { "internalType": "bytes32", "name": "s", "type": "bytes32" },
      { "internalType": "uint256", "name": "toChainID", "type": "uint256" }
    ],
    "name": "anySwapOutExactTokensForTokensUnderlyingWithPermit",
    "outputs": [],
    "stateMutability": "nonpayable",
    "type": "function"
  },
  {
    "inputs": [
      { "internalType": "address", "name": "from", "type": "address" },
      { "internalType": "uint256", "name": "amountIn", "type": "uint256" },
      { "internalType": "uint256", "name": "amountOutMin", "type": "uint256" },
      { "internalType": "address[]", "name": "path", "type": "address[]" },
      { "internalType": "address", "name": "to", "type": "address" },
      { "internalType": "uint256", "name": "deadline", "type": "uint256" },
      { "internalType": "uint8", "name": "v", "type": "uint8" },
      { "internalType": "bytes32", "name": "r", "type": "bytes32" },
      { "internalType": "bytes32", "name": "s", "type": "bytes32" },
      { "internalType": "uint256", "name": "toChainID", "type": "uint256" }
    ],
    "name": "anySwapOutExactTokensForTokensUnderlyingWithTransferPermit",
    "outputs": [],
    "stateMutability": "nonpayable",
    "type": "function"
  },
  {
    "inputs": [
      { "internalType": "address", "name": "token", "type": "address" },
      { "internalType": "address", "name": "to", "type": "address" },
      { "internalType": "uint256", "name": "toChainID", "type": "uint256" }
    ],
    "name": "anySwapOutNative",
    "outputs": [],
    "stateMutability": "payable",
    "type": "function"
  },
  {
    "inputs": [
      { "internalType": "address", "name": "token", "type": "address" },
      { "internalType": "address", "name": "to", "type": "address" },
      { "internalType": "uint256", "name": "amount", "type": "uint256" },
      { "internalType": "uint256", "name": "toChainID", "type": "uint256" }
    ],
    "name": "anySwapOutUnderlying",
    "outputs": [],
    "stateMutability": "nonpayable",
    "type": "function"
  },
  {
    "inputs": [
      { "internalType": "address", "name": "from", "type": "address" },
      { "internalType": "address", "name": "token", "type": "address" },
      { "internalType": "address", "name": "to", "type": "address" },
      { "internalType": "uint256", "name": "amount", "type": "uint256" },
      { "internalType": "uint256", "name": "deadline", "type": "uint256" },
      { "internalType": "uint8", "name": "v", "type": "uint8" },
      { "internalType": "bytes32", "name": "r", "type": "bytes32" },
      { "internalType": "bytes32", "name": "s", "type": "bytes32" },
      { "internalType": "uint256", "name": "toChainID", "type": "uint256" }
    ],
    "name": "anySwapOutUnderlyingWithPermit",
    "outputs": [],
    "stateMutability": "nonpayable",
    "type": "function"
  },
  {
    "inputs": [
      { "internalType": "address", "name": "from", "type": "address" },
      { "internalType": "address", "name": "token", "type": "address" },
      { "internalType": "address", "name": "to", "type": "address" },
      { "internalType": "uint256", "name": "amount", "type": "uint256" },
      { "internalType": "uint256", "name": "deadline", "type": "uint256" },
      { "internalType": "uint8", "name": "v", "type": "uint8" },
      { "internalType": "bytes32", "name": "r", "type": "bytes32" },
      { "internalType": "bytes32", "name": "s", "type": "bytes32" },
      { "internalType": "uint256", "name": "toChainID", "type": "uint256" }
    ],
    "name": "anySwapOutUnderlyingWithTransferPermit",
    "outputs": [],
    "stateMutability": "nonpayable",
    "type": "function"
  },
  {
    "inputs": [],
    "name": "cID",
    "outputs": [{ "internalType": "uint256", "name": "id", "type": "uint256" }],
    "stateMutability": "view",
    "type": "function"
  },
  {
    "inputs": [{ "internalType": "address", "name": "newMPC", "type": "address" }],
    "name": "changeMPC",
    "outputs": [{ "internalType": "bool", "name": "", "type": "bool" }],
    "stateMutability": "nonpayable",
    "type": "function"
  },
  {
    "inputs": [
      { "internalType": "address", "name": "token", "type": "address" },
      { "internalType": "address", "name": "newVault", "type": "address" }
    ],
    "name": "changeVault",
    "outputs": [{ "internalType": "bool", "name": "", "type": "bool" }],
    "stateMutability": "nonpayable",
    "type": "function"
  },
  {
    "inputs": [
      { "internalType": "address", "name": "token", "type": "address" },
      { "internalType": "address", "name": "to", "type": "address" }
    ],
    "name": "depositNative",
    "outputs": [{ "internalType": "uint256", "name": "", "type": "uint256" }],
    "stateMutability": "payable",
    "type": "function"
  },
  {
    "inputs": [],
    "name": "factory",
    "outputs": [{ "internalType": "address", "name": "", "type": "address" }],
    "stateMutability": "view",
    "type": "function"
  },
  {
    "inputs": [
      { "internalType": "uint256", "name": "amountOut", "type": "uint256" },
      { "internalType": "uint256", "name": "reserveIn", "type": "uint256" },
      { "internalType": "uint256", "name": "reserveOut", "type": "uint256" }
    ],
    "name": "getAmountIn",
    "outputs": [{ "internalType": "uint256", "name": "amountIn", "type": "uint256" }],
    "stateMutability": "pure",
    "type": "function"
  },
  {
    "inputs": [
      { "internalType": "uint256", "name": "amountIn", "type": "uint256" },
      { "internalType": "uint256", "name": "reserveIn", "type": "uint256" },
      { "internalType": "uint256", "name": "reserveOut", "type": "uint256" }
    ],
    "name": "getAmountOut",
    "outputs": [{ "internalType": "uint256", "name": "amountOut", "type": "uint256" }],
    "stateMutability": "pure",
    "type": "function"
  },
  {
    "inputs": [
      { "internalType": "uint256", "name": "amountOut", "type": "uint256" },
      { "internalType": "address[]", "name": "path", "type": "address[]" }
    ],
    "name": "getAmountsIn",
    "outputs": [{ "internalType": "uint256[]", "name": "amounts", "type": "uint256[]" }],
    "stateMutability": "view",
    "type": "function"
  },
  {
    "inputs": [
      { "internalType": "uint256", "name": "amountIn", "type": "uint256" },
      { "internalType": "address[]", "name": "path", "type": "address[]" }
    ],
    "name": "getAmountsOut",
    "outputs": [{ "internalType": "uint256[]", "name": "amounts", "type": "uint256[]" }],
    "stateMutability": "view",
    "type": "function"
  },
  {
    "inputs": [],
    "name": "mpc",
    "outputs": [{ "internalType": "address", "name": "", "type": "address" }],
    "stateMutability": "view",
    "type": "function"
  },
  {
    "inputs": [
      { "internalType": "uint256", "name": "amountA", "type": "uint256" },
      { "internalType": "uint256", "name": "reserveA", "type": "uint256" },
      { "internalType": "uint256", "name": "reserveB", "type": "uint256" }
    ],
    "name": "quote",
    "outputs": [{ "internalType": "uint256", "name": "amountB", "type": "uint256" }],
    "stateMutability": "pure",
    "type": "function"
  },
  {
    "inputs": [],
    "name": "wNATIVE",
    "outputs": [{ "internalType": "address", "name": "", "type": "address" }],
    "stateMutability": "view",
    "type": "function"
  },
  {
    "inputs": [
      { "internalType": "address", "name": "token", "type": "address" },
      { "internalType": "uint256", "name": "amount", "type": "uint256" },
      { "internalType": "address", "name": "to", "type": "address" }
    ],
    "name": "withdrawNative",
    "outputs": [{ "internalType": "uint256", "name": "", "type": "uint256" }],
    "stateMutability": "nonpayable",
    "type": "function"
  },
  { "stateMutability": "payable", "type": "receive" }
]
