[
  {
    "inputs": [
      { "internalType": "address[]", "name": "bonders", "type": "address[]" },
      { "internalType": "address", "name": "_governance", "type": "address" }
    ],
    "stateMutability": "nonpayable",
    "type": "constructor"
  },
  {
    "anonymous": false,
    "inputs": [{ "indexed": true, "internalType": "address", "name": "newBonder", "type": "address" }],
    "name": "BonderAdded",
    "type": "event"
  },
  {
    "anonymous": false,
    "inputs": [{ "indexed": true, "internalType": "address", "name": "previousBonder", "type": "address" }],
    "name": "BonderRemoved",
    "type": "event"
  },
  {
    "anonymous": false,
    "inputs": [
      { "indexed": true, "internalType": "bytes32", "name": "transferRootId", "type": "bytes32" },
      { "indexed": true, "internalType": "bytes32", "name": "rootHash", "type": "bytes32" },
      { "indexed": false, "internalType": "uint256", "name": "originalAmount", "type": "uint256" }
    ],
    "name": "ChallengeResolved",
    "type": "event"
  },
  {
    "anonymous": false,
    "inputs": [
      { "indexed": true, "internalType": "address", "name": "bonder", "type": "address" },
      { "indexed": true, "internalType": "bytes32", "name": "rootHash", "type": "bytes32" },
      { "indexed": false, "internalType": "uint256", "name": "totalBondsSettled", "type": "uint256" }
    ],
    "name": "MultipleWithdrawalsSettled",
    "type": "event"
  },
  {
    "anonymous": false,
    "inputs": [
      { "indexed": true, "internalType": "address", "name": "account", "type": "address" },
      { "indexed": false, "internalType": "uint256", "name": "amount", "type": "uint256" }
    ],
    "name": "Stake",
    "type": "event"
  },
  {
    "anonymous": false,
    "inputs": [
      { "indexed": true, "internalType": "bytes32", "name": "transferRootId", "type": "bytes32" },
      { "indexed": true, "internalType": "bytes32", "name": "rootHash", "type": "bytes32" },
      { "indexed": false, "internalType": "uint256", "name": "originalAmount", "type": "uint256" }
    ],
    "name": "TransferBondChallenged",
    "type": "event"
  },
  {
    "anonymous": false,
    "inputs": [
      { "indexed": true, "internalType": "bytes32", "name": "root", "type": "bytes32" },
      { "indexed": false, "internalType": "uint256", "name": "amount", "type": "uint256" }
    ],
    "name": "TransferRootBonded",
    "type": "event"
  },
  {
    "anonymous": false,
    "inputs": [
      { "indexed": true, "internalType": "uint256", "name": "originChainId", "type": "uint256" },
      { "indexed": true, "internalType": "uint256", "name": "destinationChainId", "type": "uint256" },
      { "indexed": true, "internalType": "bytes32", "name": "rootHash", "type": "bytes32" },
      { "indexed": false, "internalType": "uint256", "name": "totalAmount", "type": "uint256" }
    ],
    "name": "TransferRootConfirmed",
    "type": "event"
  },
  {
    "anonymous": false,
    "inputs": [
      { "indexed": true, "internalType": "bytes32", "name": "rootHash", "type": "bytes32" },
      { "indexed": false, "internalType": "uint256", "name": "totalAmount", "type": "uint256" }
    ],
    "name": "TransferRootSet",
    "type": "event"
  },
  {
    "anonymous": false,
    "inputs": [
      { "indexed": true, "internalType": "uint256", "name": "chainId", "type": "uint256" },
      { "indexed": true, "internalType": "address", "name": "recipient", "type": "address" },
      { "indexed": false, "internalType": "uint256", "name": "amount", "type": "uint256" },
      { "indexed": false, "internalType": "uint256", "name": "amountOutMin", "type": "uint256" },
      { "indexed": false, "internalType": "uint256", "name": "deadline", "type": "uint256" },
      { "indexed": true, "internalType": "address", "name": "relayer", "type": "address" },
      { "indexed": false, "internalType": "uint256", "name": "relayerFee", "type": "uint256" }
    ],
    "name": "TransferSentToL2",
    "type": "event"
  },
  {
    "anonymous": false,
    "inputs": [
      { "indexed": true, "internalType": "address", "name": "account", "type": "address" },
      { "indexed": false, "internalType": "uint256", "name": "amount", "type": "uint256" }
    ],
    "name": "Unstake",
    "type": "event"
  },
  {
    "anonymous": false,
    "inputs": [
      { "indexed": true, "internalType": "address", "name": "bonder", "type": "address" },
      { "indexed": true, "internalType": "bytes32", "name": "transferId", "type": "bytes32" },
      { "indexed": true, "internalType": "bytes32", "name": "rootHash", "type": "bytes32" }
    ],
    "name": "WithdrawalBondSettled",
    "type": "event"
  },
  {
    "anonymous": false,
    "inputs": [
      { "indexed": true, "internalType": "bytes32", "name": "transferId", "type": "bytes32" },
      { "indexed": false, "internalType": "uint256", "name": "amount", "type": "uint256" }
    ],
    "name": "WithdrawalBonded",
    "type": "event"
  },
  {
    "anonymous": false,
    "inputs": [
      { "indexed": true, "internalType": "bytes32", "name": "transferId", "type": "bytes32" },
      { "indexed": true, "internalType": "address", "name": "recipient", "type": "address" },
      { "indexed": false, "internalType": "uint256", "name": "amount", "type": "uint256" },
      { "indexed": false, "internalType": "bytes32", "name": "transferNonce", "type": "bytes32" }
    ],
    "name": "Withdrew",
    "type": "event"
  },
  {
    "inputs": [],
    "name": "CHALLENGE_AMOUNT_DIVISOR",
    "outputs": [{ "internalType": "uint256", "name": "", "type": "uint256" }],
    "stateMutability": "view",
    "type": "function"
  },
  {
    "inputs": [],
    "name": "TIME_SLOT_SIZE",
    "outputs": [{ "internalType": "uint256", "name": "", "type": "uint256" }],
    "stateMutability": "view",
    "type": "function"
  },
  {
    "inputs": [{ "internalType": "address", "name": "bonder", "type": "address" }],
    "name": "addBonder",
    "outputs": [],
    "stateMutability": "nonpayable",
    "type": "function"
  },
  {
    "inputs": [
      { "internalType": "bytes32", "name": "rootHash", "type": "bytes32" },
      { "internalType": "uint256", "name": "destinationChainId", "type": "uint256" },
      { "internalType": "uint256", "name": "totalAmount", "type": "uint256" }
    ],
    "name": "bondTransferRoot",
    "outputs": [],
    "stateMutability": "nonpayable",
    "type": "function"
  },
  {
    "inputs": [
      { "internalType": "address", "name": "recipient", "type": "address" },
      { "internalType": "uint256", "name": "amount", "type": "uint256" },
      { "internalType": "bytes32", "name": "transferNonce", "type": "bytes32" },
      { "internalType": "uint256", "name": "bonderFee", "type": "uint256" }
    ],
    "name": "bondWithdrawal",
    "outputs": [],
    "stateMutability": "nonpayable",
    "type": "function"
  },
  {
    "inputs": [{ "internalType": "uint256", "name": "", "type": "uint256" }],
    "name": "chainBalance",
    "outputs": [{ "internalType": "uint256", "name": "", "type": "uint256" }],
    "stateMutability": "view",
    "type": "function"
  },
  {
    "inputs": [],
    "name": "challengePeriod",
    "outputs": [{ "internalType": "uint256", "name": "", "type": "uint256" }],
    "stateMutability": "view",
    "type": "function"
  },
  {
    "inputs": [],
    "name": "challengeResolutionPeriod",
    "outputs": [{ "internalType": "uint256", "name": "", "type": "uint256" }],
    "stateMutability": "view",
    "type": "function"
  },
  {
    "inputs": [
      { "internalType": "bytes32", "name": "rootHash", "type": "bytes32" },
      { "internalType": "uint256", "name": "originalAmount", "type": "uint256" },
      { "internalType": "uint256", "name": "destinationChainId", "type": "uint256" }
    ],
    "name": "challengeTransferBond",
    "outputs": [],
    "stateMutability": "payable",
    "type": "function"
  },
  {
    "inputs": [
      { "internalType": "uint256", "name": "originChainId", "type": "uint256" },
      { "internalType": "bytes32", "name": "rootHash", "type": "bytes32" },
      { "internalType": "uint256", "name": "destinationChainId", "type": "uint256" },
      { "internalType": "uint256", "name": "totalAmount", "type": "uint256" },
      { "internalType": "uint256", "name": "rootCommittedAt", "type": "uint256" }
    ],
    "name": "confirmTransferRoot",
    "outputs": [],
    "stateMutability": "nonpayable",
    "type": "function"
  },
  {
    "inputs": [{ "internalType": "uint256", "name": "", "type": "uint256" }],
    "name": "crossDomainMessengerWrappers",
    "outputs": [{ "internalType": "contract IMessengerWrapper", "name": "", "type": "address" }],
    "stateMutability": "view",
    "type": "function"
  },
  {
    "inputs": [{ "internalType": "uint256", "name": "amount", "type": "uint256" }],
    "name": "getBondForTransferAmount",
    "outputs": [{ "internalType": "uint256", "name": "", "type": "uint256" }],
    "stateMutability": "pure",
    "type": "function"
  },
  {
    "inputs": [
      { "internalType": "address", "name": "bonder", "type": "address" },
      { "internalType": "bytes32", "name": "transferId", "type": "bytes32" }
    ],
    "name": "getBondedWithdrawalAmount",
    "outputs": [{ "internalType": "uint256", "name": "", "type": "uint256" }],
    "stateMutability": "view",
    "type": "function"
  },
  {
    "inputs": [],
    "name": "getChainId",
    "outputs": [{ "internalType": "uint256", "name": "chainId", "type": "uint256" }],
    "stateMutability": "view",
    "type": "function"
  },
  {
    "inputs": [{ "internalType": "uint256", "name": "amount", "type": "uint256" }],
    "name": "getChallengeAmountForTransferAmount",
    "outputs": [{ "internalType": "uint256", "name": "", "type": "uint256" }],
    "stateMutability": "pure",
    "type": "function"
  },
  {
    "inputs": [{ "internalType": "address", "name": "bonder", "type": "address" }],
    "name": "getCredit",
    "outputs": [{ "internalType": "uint256", "name": "", "type": "uint256" }],
    "stateMutability": "view",
    "type": "function"
  },
  {
    "inputs": [{ "internalType": "address", "name": "bonder", "type": "address" }],
    "name": "getDebitAndAdditionalDebit",
    "outputs": [{ "internalType": "uint256", "name": "", "type": "uint256" }],
    "stateMutability": "view",
    "type": "function"
  },
  {
    "inputs": [{ "internalType": "address", "name": "maybeBonder", "type": "address" }],
    "name": "getIsBonder",
    "outputs": [{ "internalType": "bool", "name": "", "type": "bool" }],
    "stateMutability": "view",
    "type": "function"
  },
  {
    "inputs": [{ "internalType": "address", "name": "bonder", "type": "address" }],
    "name": "getRawDebit",
    "outputs": [{ "internalType": "uint256", "name": "", "type": "uint256" }],
    "stateMutability": "view",
    "type": "function"
  },
  {
    "inputs": [{ "internalType": "uint256", "name": "time", "type": "uint256" }],
    "name": "getTimeSlot",
    "outputs": [{ "internalType": "uint256", "name": "", "type": "uint256" }],
    "stateMutability": "pure",
    "type": "function"
  },
  {
    "inputs": [
      { "internalType": "uint256", "name": "chainId", "type": "uint256" },
      { "internalType": "address", "name": "recipient", "type": "address" },
      { "internalType": "uint256", "name": "amount", "type": "uint256" },
      { "internalType": "bytes32", "name": "transferNonce", "type": "bytes32" },
      { "internalType": "uint256", "name": "bonderFee", "type": "uint256" },
      { "internalType": "uint256", "name": "amountOutMin", "type": "uint256" },
      { "internalType": "uint256", "name": "deadline", "type": "uint256" }
    ],
    "name": "getTransferId",
    "outputs": [{ "internalType": "bytes32", "name": "", "type": "bytes32" }],
    "stateMutability": "pure",
    "type": "function"
  },
  {
    "inputs": [
      { "internalType": "bytes32", "name": "rootHash", "type": "bytes32" },
      { "internalType": "uint256", "name": "totalAmount", "type": "uint256" }
    ],
    "name": "getTransferRoot",
    "outputs": [
      {
        "components": [
          { "internalType": "uint256", "name": "total", "type": "uint256" },
          { "internalType": "uint256", "name": "amountWithdrawn", "type": "uint256" },
          { "internalType": "uint256", "name": "createdAt", "type": "uint256" }
        ],
        "internalType": "struct Bridge.TransferRoot",
        "name": "",
        "type": "tuple"
      }
    ],
    "stateMutability": "view",
    "type": "function"
  },
  {
    "inputs": [
      { "internalType": "bytes32", "name": "rootHash", "type": "bytes32" },
      { "internalType": "uint256", "name": "totalAmount", "type": "uint256" }
    ],
    "name": "getTransferRootId",
    "outputs": [{ "internalType": "bytes32", "name": "", "type": "bytes32" }],
    "stateMutability": "pure",
    "type": "function"
  },
  {
    "inputs": [],
    "name": "governance",
    "outputs": [{ "internalType": "address", "name": "", "type": "address" }],
    "stateMutability": "view",
    "type": "function"
  },
  {
    "inputs": [{ "internalType": "uint256", "name": "", "type": "uint256" }],
    "name": "isChainIdPaused",
    "outputs": [{ "internalType": "bool", "name": "", "type": "bool" }],
    "stateMutability": "view",
    "type": "function"
  },
  {
    "inputs": [{ "internalType": "bytes32", "name": "transferId", "type": "bytes32" }],
    "name": "isTransferIdSpent",
    "outputs": [{ "internalType": "bool", "name": "", "type": "bool" }],
    "stateMutability": "view",
    "type": "function"
  },
  {
    "inputs": [],
    "name": "minTransferRootBondDelay",
    "outputs": [{ "internalType": "uint256", "name": "", "type": "uint256" }],
    "stateMutability": "view",
    "type": "function"
  },
  {
    "inputs": [{ "internalType": "address", "name": "bonder", "type": "address" }],
    "name": "removeBonder",
    "outputs": [],
    "stateMutability": "nonpayable",
    "type": "function"
  },
  {
    "inputs": [
      { "internalType": "bytes32", "name": "rootHash", "type": "bytes32" },
      { "internalType": "uint256", "name": "originalAmount", "type": "uint256" },
      { "internalType": "address", "name": "recipient", "type": "address" }
    ],
    "name": "rescueTransferRoot",
    "outputs": [],
    "stateMutability": "nonpayable",
    "type": "function"
  },
  {
    "inputs": [
      { "internalType": "bytes32", "name": "rootHash", "type": "bytes32" },
      { "internalType": "uint256", "name": "originalAmount", "type": "uint256" },
      { "internalType": "uint256", "name": "destinationChainId", "type": "uint256" }
    ],
    "name": "resolveChallenge",
    "outputs": [],
    "stateMutability": "nonpayable",
    "type": "function"
  },
  {
    "inputs": [
      { "internalType": "uint256", "name": "chainId", "type": "uint256" },
      { "internalType": "address", "name": "recipient", "type": "address" },
      { "internalType": "uint256", "name": "amount", "type": "uint256" },
      { "internalType": "uint256", "name": "amountOutMin", "type": "uint256" },
      { "internalType": "uint256", "name": "deadline", "type": "uint256" },
      { "internalType": "address", "name": "relayer", "type": "address" },
      { "internalType": "uint256", "name": "relayerFee", "type": "uint256" }
    ],
    "name": "sendToL2",
    "outputs": [],
    "stateMutability": "payable",
    "type": "function"
  },
  {
    "inputs": [
      { "internalType": "uint256", "name": "chainId", "type": "uint256" },
      { "internalType": "bool", "name": "isPaused", "type": "bool" }
    ],
    "name": "setChainIdDepositsPaused",
    "outputs": [],
    "stateMutability": "nonpayable",
    "type": "function"
  },
  {
    "inputs": [{ "internalType": "uint256", "name": "_challengePeriod", "type": "uint256" }],
    "name": "setChallengePeriod",
    "outputs": [],
    "stateMutability": "nonpayable",
    "type": "function"
  },
  {
    "inputs": [{ "internalType": "uint256", "name": "_challengeResolutionPeriod", "type": "uint256" }],
    "name": "setChallengeResolutionPeriod",
    "outputs": [],
    "stateMutability": "nonpayable",
    "type": "function"
  },
  {
    "inputs": [
      { "internalType": "uint256", "name": "chainId", "type": "uint256" },
      { "internalType": "contract IMessengerWrapper", "name": "_crossDomainMessengerWrapper", "type": "address" }
    ],
    "name": "setCrossDomainMessengerWrapper",
    "outputs": [],
    "stateMutability": "nonpayable",
    "type": "function"
  },
  {
    "inputs": [{ "internalType": "address", "name": "_newGovernance", "type": "address" }],
    "name": "setGovernance",
    "outputs": [],
    "stateMutability": "nonpayable",
    "type": "function"
  },
  {
    "inputs": [{ "internalType": "uint256", "name": "_minTransferRootBondDelay", "type": "uint256" }],
    "name": "setMinTransferRootBondDelay",
    "outputs": [],
    "stateMutability": "nonpayable",
    "type": "function"
  },
  {
    "inputs": [
      { "internalType": "address", "name": "bonder", "type": "address" },
      { "internalType": "bytes32", "name": "transferId", "type": "bytes32" },
      { "internalType": "bytes32", "name": "rootHash", "type": "bytes32" },
      { "internalType": "uint256", "name": "transferRootTotalAmount", "type": "uint256" },
      { "internalType": "uint256", "name": "transferIdTreeIndex", "type": "uint256" },
      { "internalType": "bytes32[]", "name": "siblings", "type": "bytes32[]" },
      { "internalType": "uint256", "name": "totalLeaves", "type": "uint256" }
    ],
    "name": "settleBondedWithdrawal",
    "outputs": [],
    "stateMutability": "nonpayable",
    "type": "function"
  },
  {
    "inputs": [
      { "internalType": "address", "name": "bonder", "type": "address" },
      { "internalType": "bytes32[]", "name": "transferIds", "type": "bytes32[]" },
      { "internalType": "uint256", "name": "totalAmount", "type": "uint256" }
    ],
    "name": "settleBondedWithdrawals",
    "outputs": [],
    "stateMutability": "nonpayable",
    "type": "function"
  },
  {
    "inputs": [
      { "internalType": "address", "name": "bonder", "type": "address" },
      { "internalType": "uint256", "name": "amount", "type": "uint256" }
    ],
    "name": "stake",
    "outputs": [],
    "stateMutability": "payable",
    "type": "function"
  },
  {
    "inputs": [
      { "internalType": "uint256", "name": "", "type": "uint256" },
      { "internalType": "address", "name": "", "type": "address" }
    ],
    "name": "timeSlotToAmountBonded",
    "outputs": [{ "internalType": "uint256", "name": "", "type": "uint256" }],
    "stateMutability": "view",
    "type": "function"
  },
  {
    "inputs": [{ "internalType": "bytes32", "name": "", "type": "bytes32" }],
    "name": "transferBonds",
    "outputs": [
      { "internalType": "address", "name": "bonder", "type": "address" },
      { "internalType": "uint256", "name": "createdAt", "type": "uint256" },
      { "internalType": "uint256", "name": "totalAmount", "type": "uint256" },
      { "internalType": "uint256", "name": "challengeStartTime", "type": "uint256" },
      { "internalType": "address", "name": "challenger", "type": "address" },
      { "internalType": "bool", "name": "challengeResolved", "type": "bool" }
    ],
    "stateMutability": "view",
    "type": "function"
  },
  {
    "inputs": [
      { "internalType": "uint256", "name": "", "type": "uint256" },
      { "internalType": "bytes32", "name": "", "type": "bytes32" }
    ],
    "name": "transferRootCommittedAt",
    "outputs": [{ "internalType": "uint256", "name": "", "type": "uint256" }],
    "stateMutability": "view",
    "type": "function"
  },
  {
    "inputs": [{ "internalType": "uint256", "name": "amount", "type": "uint256" }],
    "name": "unstake",
    "outputs": [],
    "stateMutability": "nonpayable",
    "type": "function"
  },
  {
    "inputs": [
      { "internalType": "address", "name": "recipient", "type": "address" },
      { "internalType": "uint256", "name": "amount", "type": "uint256" },
      { "internalType": "bytes32", "name": "transferNonce", "type": "bytes32" },
      { "internalType": "uint256", "name": "bonderFee", "type": "uint256" },
      { "internalType": "uint256", "name": "amountOutMin", "type": "uint256" },
      { "internalType": "uint256", "name": "deadline", "type": "uint256" },
      { "internalType": "bytes32", "name": "rootHash", "type": "bytes32" },
      { "internalType": "uint256", "name": "transferRootTotalAmount", "type": "uint256" },
      { "internalType": "uint256", "name": "transferIdTreeIndex", "type": "uint256" },
      { "internalType": "bytes32[]", "name": "siblings", "type": "bytes32[]" },
      { "internalType": "uint256", "name": "totalLeaves", "type": "uint256" }
    ],
    "name": "withdraw",
    "outputs": [],
    "stateMutability": "nonpayable",
    "type": "function"
  }
]
